id,category,preliminary_confidence,confidence_1,confidence_2,final_confidence,cq_1,cq_2,cq_3,total_delta,cq1_type,cq2_type,cq3_type
msd_001,Windows_8.1,90,90,95,98,Can you still find and launch Microsoft Solitaire from the Start Menu or by searching for it?,"Have you noticed any other icons missing from your taskbar or desktop, or any other unusual behavior with your computer?","Could you please try searching for ""Microsoft Solitaire Collection"" in the Start Menu and let me know if it appears in the results?",8,EPISTEMIC,EPISTEMIC,EPISTEMIC
msd_002,Windows_8.1,90,95,98,99,Have you tried searching for 'calc.exe' or 'Calculator' from the desktop search to see if the classic desktop version is still available?,Are you encountering any issues when trying to pin the classic calculator to the taskbar or Start Screen?,Are you familiar with how to right-click on an app tile or icon on the Start Screen or in search results?,9,EPISTEMIC,EPISTEMIC,EPISTEMIC
msd_003,Bing_Apps,90,95,95,98,"Does the Bing News app crash immediately upon launch, or does it briefly open and then crash when attempting to load content?",Have you recently installed any Windows updates or other system-level software updates around the time this issue started?,"When you mentioned other users having the same problem on a blog, did they also report it starting specifically after customizing sources, or was it a more general crashing issue?",8,ALEATORIC,EPISTEMIC,EPISTEMIC
msd_004,Excel,65,75,85,90,"Is this behavior occurring in all Excel workbooks, including newly created ones, or only in specific existing files?","Within the problematic spreadsheet, does this 'Show/Hide Comment' requirement apply to *all* comments, or only specific ones?","Were these older comments created in Excel 2007, or could they have originated from an older version of Excel (e.g., Excel 2003 or earlier)?",25,EPISTEMIC,ALEATORIC,EPISTEMIC
msd_005,Windows_7,70,75,85,90,"Does the issue persist if you try to launch ""Back up your computer"" from a newly created local administrator user account?","When you click ""Back up your computer"" in the Control Panel and nothing happens, do you see any related error messages in the Windows Event Viewer (specifically under 'Windows Logs' > 'Application' or 'System') around the time of the click?","Are there any other error messages or warnings in the Event Viewer (Application or System logs) that occur *between* the 'Backup 753 started' and 'Backup 754 stopped' entries, or immediately preceding the 'Backup 754 stopped' entry, that might provide more detail on the cause of the failure?",20,EPISTEMIC,EPISTEMIC,EPISTEMIC
msd_006,Skype_Windows_Desktop,75,90,85,95,Are you attempting to connect using a service specifically labeled 'Skype WiFi' or your standard home/office Wi-Fi network?,"When you try to sign into Skype using your regular internet connection, does the 'Skype can't connect' error appear immediately, or after a delay?","Have you tried signing into Skype on a different device (e.g., a mobile phone, web browser, or another computer) using the same account and network?",20,EPISTEMIC,EPISTEMIC,EPISTEMIC
msd_007,Windows_10,85,85,80,95,"Have you recently connected or disconnected any external monitors, or changed your display resolution settings?","When you right-click on your desktop and select 'Display settings', does that window appear correctly, or does it also disappear like the others?","Does this disappearing window behavior occur with any other applications besides Settings and Steam, such as File Explorer or your web browser?",10,EPISTEMIC,EPISTEMIC,EPISTEMIC
msd_008,Apps_Windows_10,75,85,90,95,"Does this page reloading issue occur only on YouTube, or do you experience it on other websites when you try to copy text or images?","Does this page reloading issue occur regardless of whether you are logged into your YouTube account, or does it only happen when you are signed in?","When you right-click to copy on YouTube, does the page reload immediately upon right-clicking, or only after you select the 'Copy' option from the context menu?",20,EPISTEMIC,EPISTEMIC,EPISTEMIC
msd_009,Excel,85,90,95,98,Could you confirm if you are using FALSE or 0 as the fourth argument in your VLOOKUP function to ensure an exact match?,"When you tried using the VALUE function or changing data types, did you observe any changes in the underlying numerical values of the time stamps (e.g., by formatting the cells as 'General' or 'Number')?","Could you please format a few of the problematic time stamps (e.g., '2:06' from both your original and second tables) as 'General' or 'Number' and tell me if their numerical values are identical?",13,EPISTEMIC,EPISTEMIC,EPISTEMIC
msd_010,Bing,70,85,90,95,"Could you please tell me where you saw the promise for the Amazon gift card (e.g., a specific email, a website, or a Microsoft Rewards promotion)?","Did the website www.heyitsfree.net specify any particular actions or requirements you needed to complete to receive the Amazon gift card, beyond just creating a Hotmail account?",Did you ever receive any communication or instructions from www.heyitsfree.net after creating your Hotmail account regarding how to claim the Amazon gift card?,25,EPISTEMIC,EPISTEMIC,EPISTEMIC
msd_011,Apps_Windows_10,75,75,80,90,"If you modify your onclick handler to simply window.open('about:blank', '_blank'); (without immediately closing it), does that new tab successfully open and come to the foreground in Edge?",Does the issue persist if the Edge browser window is merely in the background (not minimized) when the notification is clicked?,"If you click the notification immediately after it appears, without interacting with any other applications or minimizing Edge, does it still fail to bring the Edge window to the front?",15,EPISTEMIC,EPISTEMIC,EPISTEMIC
msd_012,Excel,65,75,85,90,"Does this sorting issue occur in all Excel workbooks, or only in this specific spreadsheet?","Does this spreadsheet contain any macros, external data connections, or complex formulas that might be impacting its behavior?","Are the VLOOKUPs and formula columns located within the data range you are trying to sort (rows 3-102), or are they in separate columns outside this range?",25,EPISTEMIC,EPISTEMIC,EPISTEMIC
msd_013,Word,85,90,95,98,"Did this issue begin immediately after a specific Office update, or after any other recent system changes on your Mac?","Have you observed this rendering issue with any other types of controls within your Userforms (e.g., ListBoxes, Option Buttons), or is it exclusively affecting ComboBoxes?","Does this rendering issue occur with newly created Userforms and ComboBoxes, or only with existing ones in your documents?",13,EPISTEMIC,EPISTEMIC,EPISTEMIC
msd_014,Word,95,100,100,100,"Beyond validating your method, are you experiencing any further issues or inconsistencies with these font changes?","Are you interested in making these font style changes permanent for all new documents, or are they intended to be specific to the current document only?","Given that your method successfully changes the font styles as desired, do you consider this issue fully resolved, or are there any other related customizations you're looking to achieve?",5,EPISTEMIC,ALEATORIC,ALEATORIC
msd_015,Apps_Windows_10,85,80,75,90,"Does the Calculator app start consuming excessive memory immediately upon system startup, or only after you've opened and used it?","After a fresh restart, could you check Task Manager to see if the Calculator app is consuming significant memory *before* you open it, and then again *after* you've used it for a short period?","When your computer starts slowing down and you go into Task Manager, do you notice any other applications or processes, besides Calculator, that are also consuming unusually high amounts of memory or CPU?",5,EPISTEMIC,EPISTEMIC,EPISTEMIC
msd_016,Bing_Search,85,90,95,98,"What is your current default web browser, and does the issue persist if you try to open search results using a different browser (e.g., Microsoft Edge or Chrome) set as default?","When you type a query into the Bing Desktop search bar and press Enter, does anything at all happen on the screen (e.g., a brief flicker, a new window attempting to open, or an error message), or does it remain completely unresponsive?","Can you confirm if other applications on your computer (e.g., clicking a link in an email or a document) are able to successfully open your default web browser?",13,EPISTEMIC,ALEATORIC,EPISTEMIC
msd_017,Bing_Search,75,70,60,60,"Which web browser are you using (e.g., Edge, Chrome, Firefox), and does this issue persist if you try searching in an InPrivate or Incognito window?","Could you please tell me which web browser you are using (e.g., Microsoft Edge, Google Chrome, or Mozilla Firefox)?","When you open your internet browser, what is the name or logo you see at the top of the window, or on the icon you click to open it (e.g., a blue 'e' for Edge, a colorful circle for Chrome, or a fox around a globe for Firefox)?",-15,EPISTEMIC,EPISTEMIC,EPISTEMIC
msd_018,Windows_10,60,75,70,90,Have you tried updating or reinstalling your graphics drivers since this issue started?,What is the make and model of your graphics card?,Can you tell me what is listed under 'Display adapters' in your Device Manager?,30,EPISTEMIC,EPISTEMIC,EPISTEMIC
msd_019,Bing,75,75,75,80,"Does the Bing Video search function work correctly if you try it in a different web browser, such as Microsoft Edge or Chrome?","Have you recently made any changes to your Firefox settings, such as Enhanced Tracking Protection, or installed any new add-ons or security software that might interfere with web content?","Could you please navigate to 'about:addons' in your Firefox browser and tell me if you have any extensions listed under 'Extensions' or 'Plugins' that might be related to privacy, ad-blocking, or security?",5,EPISTEMIC,EPISTEMIC,EPISTEMIC
msd_020,PowerPoint,85,90,90,95,Is your OneDrive account currently signed in or connected within PowerPoint's account settings or your Mac's System Settings?,"After checking PowerPoint's 'Accounts' and your Mac's 'System Settings' > 'Internet Accounts', did you find any OneDrive accounts listed or connected?",Could you please check PowerPoint's 'Accounts' settings and your Mac's 'System Settings' > 'Internet Accounts' and let me know if you see any OneDrive accounts listed or connected in either location?,10,EPISTEMIC,EPISTEMIC,EPISTEMIC
msd_021,PowerPoint,85,95,95,98,"Are you looking to record your narration and video directly within PowerPoint 2010, or are you open to using Camtasia Studio 7 or Adobe Premier Elements 12 to combine your PowerPoint slides with your webcam video?","Will your PowerPoint presentation be self-running with specific timings, or will you be manually advancing the slides as you narrate during the recording?","Do you prefer to manually control the slide advancement and narration timing during the recording, or would you like to set specific timings for each slide within PowerPoint before recording?",13,ALEATORIC,ALEATORIC,ALEATORIC
msd_022,Excel,90,95,95,100,"For the mean, are you looking to highlight cells that contain the exact calculated mean value, or cells that are closest to the mean?","If the minimum, maximum, or calculated mean value appears multiple times in the column, should all occurrences be highlighted, or only the first one found?","Would you prefer to use different highlight colors or background fills for the minimum, maximum, and mean values, or should they all be highlighted with the same visual style?",10,ALEATORIC,ALEATORIC,ALEATORIC
msd_023,PowerPoint,65,65,60,55,"When you reopened PowerPoint after the crash, did it present an 'Document Recovery' pane on the left side with any versions of your file?","Were there any embedded objects, linked files, or complex media (like high-resolution videos or large images) in the presentation, or was it primarily text and basic shapes?","Where is the file saved? Is it on your local computer's hard drive, a network drive, or a cloud storage service like OneDrive or SharePoint?",-10,EPISTEMIC,EPISTEMIC,EPISTEMIC
msd_024,Windows_8.1,75,85,80,90,Could you please tell me what graphics card (GPU) your computer has and if its drivers are up to date?,Could you please tell me the exact model of your graphics card after checking your computer's Device Manager?,"Could you please follow these steps to find your graphics card model: Right-click on the Start button, select 'Device Manager', then expand 'Display adapters' and tell me what is listed there?",15,EPISTEMIC,EPISTEMIC,EPISTEMIC
msd_025,Bing,85,80,75,90,"Are you using the official Bing Wallpaper application, or is the daily photo set as your background through a different method, such as Windows Spotlight or a browser extension?","Does the text commentary appear only when you hover your mouse over the image, or is it always visible on the photo?","When you turn on your computer, do you see a small Bing icon in the bottom right corner of your screen, near the clock?",5,EPISTEMIC,EPISTEMIC,EPISTEMIC
msd_026,Skype_Windows_10,95,98,99,100,"Are you trying to receive a call from someone who only has your email address, or are you simply asking if this is a possible way to be contacted on Skype?",Do you currently have your email address linked to your Skype account and set to be discoverable by others in your privacy settings?,"Do you want to be discoverable by your email address on Skype, or would you prefer to keep your profile private from email searches?",5,ALEATORIC,EPISTEMIC,ALEATORIC
msd_027,Bing_Maps,75,90,95,95,"Could you share an example of the 'string' you are using to pass your X and Y coordinates to Bing Maps, or describe the specific Bing Maps API or control you are using?","Do you know which specific projected coordinate system (e.g., a national grid like OSGB36, UTM, or a custom local grid) your 'x' and 'y' coordinates are currently in?","Can you tell me the general geographical area or country that these 'x' and 'y' coordinates represent (e.g., United Kingdom, a specific state in the USA, etc.)?",20,EPISTEMIC,EPISTEMIC,EPISTEMIC
msd_028,PowerPoint,70,80,85,90,Does the crashing behavior persist if you disconnect all external monitors and use only your primary display?,"Does the crashing occur even with a brand new, completely empty presentation that has no content added?","Are you experiencing similar crashing issues with other Microsoft Office applications (e.g., Word, Excel) on your Mac, or is this problem exclusive to PowerPoint?",20,EPISTEMIC,EPISTEMIC,EPISTEMIC
msd_029,Bing_Apps,90,95,98,99,"Could you please specify which country or language you are most interested in, as release schedules can vary by region?","Are you referring to the Bing mobile app on iOS or Android, or a different Bing application or service?","Have you already checked your iPhone's system language settings to ensure it's set to French, and have you looked for language options within the Bing app's settings on your device?",9,ALEATORIC,EPISTEMIC,EPISTEMIC
msd_030,PowerPoint,80,90,90,95,"Could you please confirm if you are referring to the PowerPoint Status Bar (which shows slide number, zoom, and view options) or the Windows Taskbar at the very bottom of your screen?","If right-clicking the bottom edge doesn't reveal the 'Status Bar' option or checking it doesn't restore the bar, have you noticed any other visual anomalies or missing elements within PowerPoint 2016?","Have you tried closing and reopening PowerPoint, or even restarting your computer, since you noticed the status bar disappeared?",15,ALEATORIC,EPISTEMIC,EPISTEMIC
msd_031,Skype_iOS,85,90,88,95,Could you confirm you are signed into the exact same Skype account (using your original Skype Name or the Microsoft account it was linked to) that previously held the $20 credit?,"Since the automatic switch to your Microsoft account, have you been able to successfully sign into your original Skype account (the one with the $20 credit) by explicitly using your original Skype Name and its password on any Skype platform (app or web)?","When you try to sign in, do you see an option to sign in specifically with a 'Skype Name' rather than an email or phone number? If so, what happens when you attempt to use your original Skype Name and password?",10,EPISTEMIC,EPISTEMIC,EPISTEMIC
msd_032,Bing_Search,65,75,80,90,Does this inconsistent image search behavior persist if you try using Bing Image Search in a private browsing window or a different web browser?,"Are you logged into a Microsoft account when you experience this issue on Bing Image Search, and if so, does logging out change the behavior?",Could you please try logging out of your Microsoft account on Bing.com and then observe if the image search interface remains consistent with the 'old style'?,25,EPISTEMIC,EPISTEMIC,EPISTEMIC
msd_033,Word,75,80,85,90,"When you try to open Microsoft Word, does it display any error messages, crash reports, or does nothing happen at all after clicking the icon?","Do other applications within the Office 2011 suite, such as Excel or PowerPoint, also fail to open, or is this issue specific to Microsoft Word?",Have you tried creating a new user account on your MacBook Pro and attempting to open Microsoft Word from that new account to rule out any user profile-specific issues?,15,EPISTEMIC,EPISTEMIC,EPISTEMIC
msd_034,Skype_Android,65,75,85,90,"Are you not receiving calls from other Skype users, or are you specifically referring to calls made to your Skype Number from traditional phone lines?",Can you confirm if your Skype Number subscription is currently active and not expired?,Have you been able to log into your Skype account online and confirm the active status of your Skype Number subscription?,25,ALEATORIC,EPISTEMIC,EPISTEMIC
msd_035,Apps_Windows_10,75,80,85,90,Have you tried disabling hardware acceleration in Microsoft Edge to see if the video display issue persists?,"Do you have any browser extensions installed in Microsoft Edge, and if so, have you tried disabling them temporarily to see if the video issue persists?","Does this video playback issue occur on all websites when using Microsoft Edge, or is it specific to certain sites like MSN?",15,EPISTEMIC,EPISTEMIC,EPISTEMIC
msd_036,Bing_Search,70,85,85,90,"Could you please confirm the exact date and time you are performing these searches, and if you've reviewed the specific terms and conditions for the 'Thanksgiving 2x' points promotion, including its validity period and any regional restrictions?","Are you performing searches on a desktop computer, a mobile device, or both, and are you using the Bing search engine directly or through another Microsoft product (e.g., Microsoft Edge browser)?","Are you seeing the 'Thanksgiving 2x' promotion advertised directly on the Bing Toolbar itself, or are you seeing it advertised elsewhere (e.g., on the Microsoft Rewards dashboard) and expecting your toolbar searches to qualify?",20,EPISTEMIC,EPISTEMIC,EPISTEMIC
msd_037,Bing,95,85,70,85,"When your parents want to go directly to a website like Amazon, are they typing 'amazon.com' into the browser's address bar (the long bar at the very top of the browser window) or into the search box specifically on the Bing homepage?","When your parents type a full website address like 'amazon.com' into the Bing search box, do they see a distinct 'Go to amazon.com' button or link, or is the first result just a standard blue hyperlink among many others?","When your parents type a website name (e.g., 'amazon.com') into the Bing search box, could you tell me the *exact text* they type and the *exact text* of the very first search result (including its title and the URL shown below it) that appears on the results page?",-10,EPISTEMIC,EPISTEMIC,EPISTEMIC
msd_038,Windows_RT_8.1,75,85,90,95,"Are you still actively receiving and installing daily updates, or are you primarily seeing a general reduction in available disk space?","Have you recently installed any new apps, even small ones, or transferred a significant amount of personal data (photos, videos, documents) to your Surface RT?","Have you checked your 'Downloads' folder, 'Documents' folder, and the Recycle Bin for any large files you might have forgotten about?",20,EPISTEMIC,EPISTEMIC,EPISTEMIC
msd_039,Bing_Maps,75,80,85,90,"Are you currently signed in to your Microsoft account on Bing Maps, and have you tried signing out and back in?","When you visit Bing Maps, do you see any indication of a signed-in account, such as a profile picture or your name, in the top right corner of the page?",Could you please describe what you see in the top right corner of the Bing Maps webpage when you visit it?,15,EPISTEMIC,EPISTEMIC,EPISTEMIC
msd_040,Excel,85,90,95,100,"Should the search for the first non-'NO' value in column AJ always begin from row 1, or from a specific starting row number?","The original code snippet included a call to `CopyDown`. Could you please explain what `CopyDown` is intended to do in this context, as the primary goal seems to be finding a single value for AM1?","Could you confirm the exact range of cells in column AJ that should be searched? For example, should it search the entire column (AJ:AJ), or a specific range like AJ1:AJ100, or from the first data row down to the last non-empty cell?",15,ALEATORIC,ALEATORIC,ALEATORIC
msd_041,PowerPoint,85,95,95,98,"Are you using a specific 'Paste Special' option when bringing the text from Excel into PowerPoint, or just a standard paste (Ctrl+V)?","What version of PowerPoint are you currently using (e.g., PowerPoint 365, 2019, 2016)?","Does this issue only occur when copying text from Excel, or do you experience the same problem when pasting text with line breaks from other sources (e.g., a text editor like Notepad) into PowerPoint tables?",13,EPISTEMIC,EPISTEMIC,EPISTEMIC
msd_042,PowerPoint,75,80,90,95,Did this issue begin after a recent macOS update or any other software installation on your Mac?,"Are other Microsoft Office applications (like Word or Excel) on your Mac experiencing similar issues, or is this problem isolated to PowerPoint?",Have you recently installed any PowerPoint add-ins or third-party tools that integrate with PowerPoint?,20,EPISTEMIC,EPISTEMIC,EPISTEMIC
msd_043,PowerPoint,75,85,90,95,Does the embedded music play correctly when you run the presentation directly from PowerPoint 2016 on your computer *before* exporting it to the memory stick?,"When you attempt to play the presentation from the memory stick, are you opening the .pptx file directly with PowerPoint 2016 installed on another computer, or are you using the 'PowerPoint Viewer' application that is included when you use the 'Package Presentation for CD' option?","When you open the presentation on the computer with PowerPoint 2013, do you see any error messages related to media, or does the music simply not play without any specific notification?",20,EPISTEMIC,EPISTEMIC,EPISTEMIC
msd_044,Windows_8.1,65,70,70,85,Are you able to access the Advanced Startup Options or Safe Mode on your Windows 8.1 laptop?,"When you perform the force shutdown method, does your laptop eventually display the ""Automatic Repair"" screen or any other recovery options?","After performing the three consecutive hard shutdowns, does your laptop show any different behavior or messages upon the next startup, even if it's not the Automatic Repair screen?",20,EPISTEMIC,EPISTEMIC,EPISTEMIC
msd_045,Excel,75,85,85,90,"Does this line or highlight appear in Print Preview, or is it only visible on screen?",Does this issue persist if you open Excel in Safe Mode (hold Ctrl while launching Excel)? This helps determine if add-ins are causing the problem.,Are you able to try opening Excel in Safe Mode to see if the line/highlight still appears?,15,EPISTEMIC,EPISTEMIC,EPISTEMIC
msd_046,Windows_7,65,75,80,95,"When you say 'use my computer at the same time separately,' do you mean you want to log in as a different user and have a completely independent desktop session that doesn't mirror what's shown on the PC's physical screen?","Are you open to solutions that involve running a virtual machine on your Windows 7 PC, or are you strictly looking for a way to create a separate session directly on the main Windows 7 operating system?","Given that Windows 7 doesn't natively support this 'server-like' multi-user access for free, are you open to exploring paid third-party software or more complex setups like virtualization, or is a simple, free solution your primary requirement?",30,ALEATORIC,ALEATORIC,ALEATORIC
msd_047,Skype_Android,75,80,85,95,Have you already explored the in-app settings for sound and display preferences within the Skype app?,"After checking the in-app settings, were you able to find any options related to customizing the main screen layout or sound preferences?","Could you confirm if you've navigated to your profile picture > Settings, and if so, what sub-sections (e.g., 'Notifications', 'Appearance', 'General') are visible to you there?",20,EPISTEMIC,EPISTEMIC,EPISTEMIC
msd_048,Word,65,75,85,90,"When you say 'a single row is split into multiple columns,' are you referring to using the 'Split Cells' feature on a specific cell within the table, or a different method?","Does this issue occur with all tables you create, or only specific ones? Also, are there any particular table styles or complex formatting applied to the table when this problem arises?","Does this issue occur only when the cells contain specific types of content (e.g., plain text, formatted text, numbers, images, or other objects), or does it happen regardless of what's inside the cell?",25,ALEATORIC,EPISTEMIC,EPISTEMIC
msd_049,Skype_iOS,75,85,90,95,"Are you certain you are signed into the correct Skype account on your iPhone, and have you checked if your contacts are visible when you log into Skype on a different device or via the web?",Have you checked your iPhone's 'Do Not Disturb' settings or any focus modes to ensure they are not preventing incoming Skype calls from alerting you?,"Within the Skype app settings on your iPhone, have you checked if 'Allow calls from anyone' or similar privacy settings for incoming calls are enabled?",20,EPISTEMIC,EPISTEMIC,EPISTEMIC
msd_050,PowerPoint,85,85,80,95,"Are you trying to reset the slide's animations during a live presentation, or while you are editing the slide in design view?","Do you want the slide to automatically revert to its initial visual state after animations complete, or are you looking for a way to manually reset the animations for replay?","When you say 'go back to its original starting point,' do you mean you want the animated objects to visually return to their initial positions on the slide, or do you want the animation sequence to be ready to play from the beginning again?",10,EPISTEMIC,ALEATORIC,ALEATORIC
msd_051,Games_Windows_10,70,75,70,85,"Does the vibration feature work in any other games or applications on your Windows 10 PC, or is this issue specific to Minecraft: Windows 10 Edition?","Are you using a wired Xbox 360 controller, or a wireless one with a Microsoft Xbox 360 Wireless Gaming Receiver for Windows?","How does your Xbox 360 controller connect to your PC? Does it plug directly into a USB port with a cable, or does it connect wirelessly using a separate USB adapter?",15,EPISTEMIC,EPISTEMIC,EPISTEMIC
msd_052,Bing_Search,75,85,90,95,"Does this 'BT ad' appear only when you use a specific browser or app, or does it show up regardless of what you're trying to do online?","Does this ad appear immediately when you try to connect to the internet, or only after you've opened an app like a web browser?","When the ad appears, does it cover the entire screen, or does it show up within a specific app you're trying to use, like an email app or a search app?",20,EPISTEMIC,EPISTEMIC,EPISTEMIC
msd_053,Windows_10,85,90,80,95,"Are you connected to a corporate or school network that requires a proxy server, or are you on a home network?","Are you using a personal computer at home, or is this a device provided by your employer or educational institution?","Who typically manages the settings and software on this computer – yourself, or an IT department/administrator?",10,EPISTEMIC,EPISTEMIC,EPISTEMIC
msd_054,Skype_Windows_Desktop,65,75,80,90,Could you please provide the exact error message or code you see when Skype fails to start after the update?,Are you running any third-party antivirus or firewall software that might be blocking Skype from launching after the update?,Have you checked the Windows Event Viewer for any error logs related to Skype.exe around the time the application error occurs? This might provide more specific details.,25,EPISTEMIC,EPISTEMIC,EPISTEMIC
msd_055,Excel,90,95,95,100,"Could you confirm the exact sheet name and range where your master equipment data (Lift #, Serial #, Manufacturer, Model #) is stored, and if the dropdown list in Sheet 1, Column A, directly references the 'Lift #' column from that master data sheet?","How is the dropdown list in Sheet 1, Column A, currently populated? Is it a static list, or does it dynamically update to reflect new 'Lift #' entries added to your master data on Sheet 2?","Could you describe the steps you took to create the dropdown list in Sheet 1, Column A? For example, did you go to Data > Data Validation, and what did you enter in the 'Source' field?",10,EPISTEMIC,EPISTEMIC,EPISTEMIC
msd_056,PowerPoint,80,85,85,90,Could you confirm if you've customized the ribbon in PowerPoint 2016 on the computer where the Text Highlight Tool is missing?,"After checking the 'Customize the Ribbon' options, did you find 'Text Highlight Color' listed under 'All Commands'?",Could you please perform the 'Customize the Ribbon' check as described and let me know if 'Text Highlight Color' appears in the 'All Commands' list?,10,EPISTEMIC,EPISTEMIC,EPISTEMIC
msd_057,Word,75,85,90,95,Does this thin border issue affect other non-Microsoft Office applications or only Outlook and Excel?,"Has this thin border issue always been present in your Office programs, or did it start recently after a specific update or software installation?",Have you checked for and installed the latest display/graphics drivers specifically compatible with Windows 7 since the upgrade?,20,EPISTEMIC,EPISTEMIC,EPISTEMIC
msd_058,Apps_Windows_10,85,90,95,98,"Are you opening new tabs by clicking links (e.g., right-click 'Open link in new tab') or by using the '+' button/Ctrl+T?","When you right-click a link and choose ""Open link in new tab,"" does the new tab open in the background, or does it not open at all?",Have you been able to locate and enable the 'Open new tabs in the foreground' or similar setting within Edge's Appearance settings?,13,EPISTEMIC,ALEATORIC,EPISTEMIC
msd_059,Excel,90,80,75,95,"What specific cell (e.g., A1, B5) on each individual unit worksheet (like 'Box A' or 'Box B') should display the total number of units?","On your individual unit worksheets (e.g., 'Box A'), is there a specific area or an existing label where you would prefer this total number of units to be displayed?","Are there any cells on your individual unit worksheets (e.g., 'Box A') that are already populated with critical data in the top-left corner (e.g., A1, B1, C1) that we should avoid placing this linked quantity in?",5,ALEATORIC,ALEATORIC,EPISTEMIC
msd_060,Skype_Android,75,80,80,85,"Does the microphone work correctly for other applications on your Samsung Galaxy S6, such as voice recorders or other calling apps?",Could you please test the microphone using your phone's built-in voice recorder app or another calling app to see if it captures your voice?,"Have you ever successfully used the microphone on your Samsung Galaxy S6 for any purpose other than Skype, such as recording a voice note or making a regular phone call?",10,EPISTEMIC,EPISTEMIC,EPISTEMIC
msd_061,PowerPoint,85,90,95,98,"Was the original caricature drawing you previously converted to an editable drawing in PowerPoint a JPG file, or was it a different image format like a WMF or EMF?",What specific modifications or edits do you intend to make to the caricature once it's converted to a drawing?,"Are you looking for a quick visual effect that resembles line art, or do you need the image to be composed of editable lines and shapes within PowerPoint?",13,EPISTEMIC,ALEATORIC,ALEATORIC
msd_062,Skype_iOS,65,75,75,90,"Can you confirm if you experience this 'no voice' issue when making a free Skype-to-Skype test call or any other type of call, or is it exclusively when calling Indian mobile/landline numbers with your subscription?","Have you tried making a free Skype-to-Skype call to the Echo / Sound Test Service, and if so, did you experience the same 'no voice' issue during that call?","When you mentioned calling your 'regular contacts,' were those free Skype-to-Skype calls, and did you experience the 'no voice' issue during those calls as well, or only when calling mobiles and landlines?",25,EPISTEMIC,EPISTEMIC,EPISTEMIC
msd_063,Skype_iOS,75,70,65,70,"Does your microphone work correctly when making other types of calls (e.g., regular phone calls, FaceTime) or using other apps (e.g., Voice Memos) on your iPhone 6?","When you make a Skype call, do you see any microphone icon on the screen that might indicate it's muted within the Skype app itself?",Can you confirm if you were able to hear your voice when playing back the recording made with the 'Voice Memos' app?,-5,EPISTEMIC,EPISTEMIC,EPISTEMIC
msd_064,Windows_7,65,60,70,85,"Did this issue start after a recent Windows update, an iTunes update, or any other significant software changes on the computer?","When you try to open iTunes, does any part of the application window or a splash screen appear at all, even briefly, before it becomes unresponsive, or does it just show the loading cursor indefinitely?",Is there any third-party antivirus or security software running on the computer that might be interfering with iTunes' launch?,20,EPISTEMIC,ALEATORIC,EPISTEMIC
msd_065,Bing_Maps,95,80,70,95,Have you already tried using the 'Feedback' or 'Report a problem' option directly within the Bing Maps interface to suggest these places?,"Are you primarily using Bing Maps through a web browser, a dedicated Windows app, or a mobile app (iOS/Android)?","When you access Bing Maps, what do you typically type into your web browser's address bar, or what icon do you click on your computer/phone to open it?",0,EPISTEMIC,EPISTEMIC,EPISTEMIC
msd_066,Excel,90,98,99,100,"Are you looking to simply list all non-zero values from column A sequentially in column B, effectively removing the rows that contain zeros?","Will the range of data in column A always be fixed (e.g., A1:A7), or could it expand or contract, requiring a dynamic range reference?","Besides numbers and zeros, could Column A contain any other types of data, such as text or error values, that should also be excluded from the result?",10,ALEATORIC,ALEATORIC,ALEATORIC
msd_067,Bing,85,80,75,90,"Are you trying to submit a new website or specific web pages for indexing, or are you looking to categorize existing content within Bing?","Are you trying to get an entire website indexed for the first time, or are you looking to submit specific new or updated pages from an existing website?","Do these 'posts,' 'categories,' or 'tags' refer to content on a website you own or manage?",5,ALEATORIC,ALEATORIC,EPISTEMIC
msd_068,Windows_8.1,90,95,95,98,Do you have any system restore points or a system image backup created before you deleted the Temp and StartMenu folders?,"Regarding the WiFi issue, have you tried reinstalling your network adapter drivers, and do you see any specific error codes or messages when it disconnects or shows 'Limited'?","Does the WiFi 'Limited' issue occur with other devices connected to the same network, or only on this specific Windows 8.1 PC?",8,EPISTEMIC,EPISTEMIC,EPISTEMIC
msd_069,Bing_Apps,65,90,95,98,Are you signed in to the Bing News app with a Microsoft account when you add these sources?,"Have you attempted to sign in to the Bing News app with your Microsoft account, and if so, did you encounter any issues during that process?","Is there any particular reason you haven't signed in with your Microsoft account yet, or any difficulty you anticipate in doing so?",33,EPISTEMIC,EPISTEMIC,ALEATORIC
msd_070,Excel,80,85,90,95,"Is the Excel window currently maximized (filling the entire screen), or is it in a restored-down state?","Does clicking the 'stuck' restore/maximize button have any effect, or does it remain unresponsive?","Did you try the keyboard shortcuts (`Windows key + Down arrow` or `Alt + Spacebar` then 'Restore') after my last suggestion, and if so, what was the outcome?",15,EPISTEMIC,EPISTEMIC,EPISTEMIC
msd_071,Windows_10,85,90,95,98,"Are you primarily using Adobe Flash Player through Microsoft Edge or Internet Explorer, or have you installed it separately for another browser like Chrome or Firefox?","Have you ever manually installed Adobe Flash Player from Adobe's website, or do you recall changing any settings related to Windows Update?","Do you primarily use web browsers other than Microsoft Edge or Internet Explorer, such as Google Chrome or Mozilla Firefox, for your daily internet browsing?",13,EPISTEMIC,EPISTEMIC,EPISTEMIC
msd_072,Windows_RT_8.1,65,70,70,90,"Does the issue persist after closing and reopening the Money app, or after refreshing the watchlist within the app?","Are the blank tiles always the same specific stocks or funds, or do different tiles appear blank at different times?","Have you tried adding a new stock or fund to your watchlist to see if it appears correctly, or if new additions also show up as blank tiles?",25,EPISTEMIC,EPISTEMIC,EPISTEMIC
msd_073,Word,95,95,90,90,Have you tried modifying the field code for the DOB field in Word after inserting it into your document?,Were you able to locate the DOB merge field in your Word document and successfully toggle its field codes?,"Can you confirm if you are able to see the ""«DOB»"" merge field in your Word document after performing the mail merge?",-5,EPISTEMIC,EPISTEMIC,EPISTEMIC
msd_074,Outlook_Email,75,80,80,80,"Is this a personal Microsoft account (e.g., Outlook.com, Hotmail.com) or an account provided by your organization (e.g., work or school account)?","Could you please tell me what comes after the '@' symbol in your email address (e.g., @outlook.com, @yourcompany.com)? You don't need to provide the full email address.","When you try to log in, can you see the full email address you are entering? If so, what is the part of the address that comes after the '@' symbol?",5,EPISTEMIC,EPISTEMIC,EPISTEMIC
msd_075,Windows_RT_8.1,75,85,90,95,"Do you receive sound notifications from other apps, or is the lack of sound specific to the Mail app?","Have you already confirmed that the 'Play a sound' option is enabled specifically within the Mail app's own settings (accessed by swiping from the right, tapping 'Settings', then 'Options')?","After checking the Mail app's internal settings, was the ""Play a sound"" option already enabled, or did you need to turn it on?",20,EPISTEMIC,EPISTEMIC,EPISTEMIC
msd_076,Bing_Apps,70,85,90,95,Have you tried using the 'Reset' option for the Bing Weather app found in Windows Settings under 'Apps & features'?,Are you using a VPN or any proxy settings on your computer that might affect how the app connects to weather services or determines your location?,"Can you confirm if Windows Location Services are enabled on your device, and if other location-aware apps (like Maps) are able to accurately determine your current position?",25,EPISTEMIC,EPISTEMIC,EPISTEMIC
msd_077,PowerPoint,85,90,92,95,Is the application attempting to create the PowerPoint object running under a different user account or as a service?,"How is your application launched (e.g., directly from an executable, via a scheduled task, or as part of a larger system/web application)?",Could you provide the specific line of code where you are attempting to create or get the PowerPoint Application object?,10,EPISTEMIC,EPISTEMIC,EPISTEMIC
msd_078,Apps_Windows_10,65,60,55,60,Could you please tell me the name of the specific app that is displaying this error message?,"Can you describe the icon of the app, or does the error message itself provide any text that might indicate the app's name or publisher?","When does this error message appear? For example, does it pop up immediately after you click on a specific icon, or when you try to open a particular type of file?",-5,EPISTEMIC,EPISTEMIC,EPISTEMIC
msd_079,Bing_Maps,90,90,80,95,"When you're on Bing Maps, do you see a '...' (More) menu or a specific 'Tools' icon on the map interface?","Are you accessing Bing Maps through a web browser on a desktop/laptop, or are you using a mobile device or a specific Bing Maps app?","Can you describe any specific icons, buttons, or menus you *do* see on the Bing Maps screen, especially near the top, bottom, or sides?",5,EPISTEMIC,EPISTEMIC,EPISTEMIC
msd_080,Bing,85,90,95,98,"When you open these downloaded documents, what program is attempting to open them by default (e.g., Notepad, a web browser, or a specific application like Word or Adobe Reader)?","Are all downloaded documents affected, or only specific types of files (e.g., only PDFs, only Word documents, or a mix of different file types)?","Does this issue only occur with documents you download, or do documents you create yourself or receive via email (without downloading them first) also appear as computer code?",13,EPISTEMIC,EPISTEMIC,EPISTEMIC
msd_081,Windows_7,75,80,85,90,"Could you please tell me what type of Windows 7 product key you have (e.g., Retail, OEM from a computer manufacturer, or Volume License)?","Could you please provide the first few sets of characters of your Windows 7 product key (e.g., 'XXXXX-XXXXX-...') so I can help identify its type, or tell me if it came pre-installed on a branded computer?",Do you know the brand and model of the computer you are trying to reinstall Windows 7 on?,15,EPISTEMIC,EPISTEMIC,EPISTEMIC
msd_082,PowerPoint,75,85,90,95,"When you insert the audio, are you ensuring it is embedded directly into the presentation rather than linked from an external file?","What is the file format (e.g., .mp3, .wav, .m4a) of the audio instructions you are trying to insert?","When you insert the audio, after you select the audio file from your computer, do you see any additional dialog boxes or options before the audio icon appears on the slide?",20,EPISTEMIC,EPISTEMIC,EPISTEMIC
msd_083,PowerPoint,95,90,85,98,"Could you clarify if your primary confusion lies in how 'Duplicate' positions the new object relative to the original, or how it interacts with the clipboard compared to 'Copy & Paste'?","Could you describe a specific scenario or sequence of steps where you observe both 'Duplicate' and 'Copy & Paste' producing the exact same result, both in terms of object position and clipboard behavior?","What is your primary goal or typical use case when you need to create a copy of an object or slide? For example, are you trying to arrange objects in a specific pattern, move them to a different slide, or something else?",3,ALEATORIC,EPISTEMIC,ALEATORIC
msd_084,Bing_Apps,85,90,90,95,"Has your girlfriend already created a Bing Rewards account and started earning points, or has she only installed the app without signing up for the rewards program yet?","Did your girlfriend sign up for Bing Rewards through the Bing app on a mobile device, or via a web browser on a computer?",Do you recall if there was any specific field or prompt to enter a referral code during your girlfriend's sign-up process within the Bing Rewards app that might have been overlooked?,10,EPISTEMIC,EPISTEMIC,EPISTEMIC
msd_085,Apps_Windows_10,85,90,90,95,"Are you logged in as an administrator when you try to create a new user, and is the 'Add someone else to this PC' option entirely greyed out or does it show an error message?","Can you check if there are any other user accounts listed on this PC, and if so, do you know the password for any of them that might have administrator rights?","After checking, are there any other user accounts listed on the PC, and if so, do any of them explicitly state 'Administrator' under their name?",10,EPISTEMIC,EPISTEMIC,EPISTEMIC
msd_086,Skype_iOS,75,80,80,90,"After updating your birthday, when you visit account.microsoft.com and sign in with the problematic Skype account, does it *currently* display your correct, adult birthdate in your profile information, and what role do you see yourself listed as under the 'Family' section?","Could you confirm if your Microsoft account is a standard personal account, or is it associated with an organization (e.g., work or school)?","When you try to sign in on your iPhone, what is the *exact* message or prompt you see that indicates you need parental consent?",15,EPISTEMIC,EPISTEMIC,EPISTEMIC
msd_087,Word,75,70,70,90,"What 'Reference type' are you selecting in the 'Insert Cross-reference' window (e.g., Heading, Numbered item, Bookmark)?","When you open the 'Insert Cross-reference' window, what options are listed in the 'Reference type' dropdown menu?","Could you please open the 'Insert Cross-reference' window and tell me exactly what text is displayed in the 'Reference type' dropdown menu (e.g., 'Heading', 'Numbered item', 'Bookmark')?",15,EPISTEMIC,EPISTEMIC,EPISTEMIC
msd_088,Skype_Mac,75,85,90,95,"Are you including the full international dialing code (e.g., +44 for UK, +33 for France) before the local number for all calls, even within the UK?","Have you set up or verified your Caller ID in Skype, or is it currently set to 'hidden' or 'blocked'?","Are you using the latest version of Skype for Mac, and have you tried checking for updates recently?",20,EPISTEMIC,EPISTEMIC,EPISTEMIC
msd_089,Excel,85,90,92,95,Could you confirm if the 'profession' and 'pay grade' values in the cells where the formula is failing are *exactly* identical (including any hidden spaces or character types) to the values in the cells where it's working correctly?,"Where does the data you are pasting into the spreadsheet originate from (e.g., another Excel file, a web page, a text document, a database export)?","When you paste the data into your spreadsheet, do you use a simple Ctrl+V, or do you use 'Paste Special' from the right-click menu or ribbon?",10,EPISTEMIC,EPISTEMIC,EPISTEMIC
msd_090,Apps_Windows_10,75,80,90,95,Could you please tell me the exact name and version of the 'Microsoft Digital suite photo editing software' you are currently using?,What specific problems or error messages are you encountering when trying to use the old software?,"What kind of photo editing tasks do you typically perform, or what features are most important to you in a photo editor?",20,EPISTEMIC,EPISTEMIC,ALEATORIC
msd_091,Bing_Apps,90,95,95,100,"Are you looking for a physical 'edit' key on your keyboard, or an 'Edit' button or option within the Bing app or website interface itself?","Could you please tell me where you received the instruction to press an 'edit key' to remove a city (e.g., a specific website, a help document, or from another person)?","Are you accessing Bing Weather through a web browser (like Edge or Chrome) on Bing.com, or are you using a dedicated Bing Weather app on your computer?",10,ALEATORIC,EPISTEMIC,EPISTEMIC
msd_092,Excel,75,70,70,85,"Does this issue occur in all Excel workbooks, including newly created ones, or only in specific existing files?",Could you please create a brand new Excel workbook and confirm if the grid lines are missing in that file too?,"When you launch Excel, before opening any of your existing spreadsheets, do you see grid lines in the default blank workbook that appears?",10,EPISTEMIC,EPISTEMIC,EPISTEMIC
msd_093,Excel,75,85,90,95,What specific error message or prompt do you receive in Excel when the data connection fails?,"Have you checked if the website is listed in Internet Explorer's Compatibility View settings, and if so, have you tried removing it?","Did you find the website listed in Internet Explorer's Compatibility View settings, and if so, did removing it resolve the issue when you tried to reconnect in Excel?",20,EPISTEMIC,EPISTEMIC,EPISTEMIC
msd_094,PowerPoint,75,75,75,90,Does the file size increase also occur if you apply the same brightness and temperature adjustments to a *single* picture manually using PowerPoint's Picture Format pane?,Could you describe the specific actions or commands your macro executes when changing the brightness and temperature of the pictures?,"What is the original file format of the pictures being inserted into the slides (e.g., JPG, PNG, HEIC) before any adjustments are made?",15,EPISTEMIC,EPISTEMIC,EPISTEMIC
msd_095,PowerPoint,75,75,75,80,Have you tried running PowerPoint XP in compatibility mode for Windows Vista or an earlier version of Windows?,Are there any third-party add-ins or security software installed that might be interfering with PowerPoint XP's functionality on Windows 7?,"Have you tried repairing the Office XP installation through the Control Panel, or reinstalling PowerPoint XP entirely?",5,EPISTEMIC,EPISTEMIC,EPISTEMIC
msd_096,PowerPoint,75,85,90,95,"Was this presentation originally created in Office 2008 and then opened or edited in PowerPoint 2016, or was it created entirely within PowerPoint 2016?","When the images were originally added in PowerPoint 2008, were they embedded directly into the presentation file, or were they linked from external image files?","Are all images in the presentation affected by this error, or only a specific subset of them?",20,EPISTEMIC,EPISTEMIC,EPISTEMIC
msd_097,Skype_Windows_10,90,95,95,98,"Are you currently signing into Skype with a Microsoft account (e.g., an Outlook.com or Hotmail.com email address) or a legacy Skype Name?","When you sign in at Skype.com, what format is your username? Is it an email address (e.g., someone@example.com) or a unique, non-email name (e.g., live:yourname or just yourname)?","Do you use the same login (username and password) for Skype that you use for other Microsoft services like Outlook.com, Xbox, or OneDrive?",8,EPISTEMIC,EPISTEMIC,EPISTEMIC
msd_098,Outlook_Email,65,75,80,95,"Are you certain the Outlook email address you're entering is the exact one you previously registered with these specific sites, and have you double-checked for any typos?","Have you tried using a different email address (if you have one) to log in or recover your account on these sites, just in case you might have used a different one originally?","Can you check your Outlook account settings to confirm the exact primary email address associated with your Outlook account, and also search your inbox for any old emails from USAA or Nextdoor that might show which email address they are sending communications to?",30,EPISTEMIC,EPISTEMIC,EPISTEMIC
msd_099,Excel,65,85,90,95,"For 'same meaning words,' are you primarily looking to identify entries with minor variations like singular/plural differences, or are you aiming for a broader semantic match involving synonyms or rephrased sentences?","Once these similar titles (exact or with minor variations) are identified, what is your desired outcome? For example, do you want to highlight them, list them separately, or remove duplicates?","When these similar titles are identified, would you prefer to highlight them directly in the sheet, filter them to view only the identified ones, or extract them into a separate list for further review?",30,ALEATORIC,ALEATORIC,ALEATORIC
msd_100,Bing_Maps,75,85,80,90,"Are you experiencing this issue when using the Bing Maps website directly, or through an application that integrates with the Bing Maps API?","Does your company's application integrate with the Bing Maps API, or does it scrape results directly from the Bing Maps website?",Could you check with your IT or development team to confirm if your company's application uses the Bing Maps API or if it directly accesses and interprets results from the Bing Maps website?,15,EPISTEMIC,EPISTEMIC,EPISTEMIC
