id,ehr_summary,question,difficulty,correct_option,correct_answer,preliminary_assessment,preliminary_confidence,is_correct_preliminary,cq_1,patient_response_1,assessment_1,confidence_1,is_correct_1,cq_2,patient_response_2,assessment_2,confidence_2,is_correct_2,cq_3,patient_response_3,final_assessment,final_confidence,is_correct_final,provider,model_id,finish_reason,was_blocked
medqa_0982,55-year-old male presenting with: chest pain and progressive shortness of breath,"Assuming this diagnosis is correct, which of the following is most likely to also be present in this patient?",easy,B,Pleural effusion,B,35,True,What is the assumed diagnosis in this case?,That information is not available.,B,40,True,"Are there any constitutional symptoms present, such as unexplained weight loss, fever, or night sweats?","The patient reports mild fatigue and an unintentional weight loss of approximately 5 kg (11 lbs) over the past 3 months. He denies fevers, chills, or night sweats.",D,70,False,"Are there any imaging findings available, such as a chest X-ray or CT scan?","Chest X-ray shows blunting of the left costophrenic angle, homogeneous opacity in the left lower lung field, and mild mediastinal shift to the right. Chest CT shows diffuse, irregular thickening of the left pleura, encasing the lung, moderate left-sided pleural effusion, no significant parenchymal lung mass, no significant mediastinal lymphadenopathy, and no evidence of pulmonary embolism.",B,95,True,gemini,gemini-2.5-flash,STOP,False
medqa_0799,68-year-old female presenting with: chest pain,A medication that primarily stimulates which of the following receptors would be most appropriate to improve the hemodynamic status of this patient?,easy,B,Beta-1 adrenergic receptor,B,75,True,What are the patient's current blood pressure and heart rate?,"After collapse, the patient's blood pressure is 88/50 mmHg and pulse is 130/min.",B,85,True,What are the findings from the patient's electrocardiogram (ECG)?,"The ECG shows ST elevation in leads I, aVL, V3, V4, V5, V6, reciprocal ST depression in leads II, III, aVF, sinus tachycardia (130 bpm), and no Q waves or evidence of arrhythmia.",B,90,True,What is the patient's current mental status and urine output?,The patient is unresponsive. That information is not available for urine output.,B,95,True,gemini,gemini-2.5-flash,STOP,False
medqa_1095,45-year-old male presenting with: left-sided abdominal pain when lifting heavy objects,Which of the following muscles is located directly medial to the pathology seen on the CT scan?,medium,C,Rectus abdominis,C,15,True,What specific pathology was identified on the CT scan?,"The CT scan identified a focal defect in the left rectus abdominis muscle, approximately 2.5 cm in diameter, with herniation of preperitoneal fat through the defect.",C,90,True,Is the defect located on the medial or lateral aspect of the left rectus abdominis muscle?,The defect is located inferior and lateral to the umbilicus.,C,95,True,"Is the defect located at the medial border of the left rectus abdominis, adjacent to the linea alba, or more laterally within the muscle belly?",That information is not available.,C,95,True,gemini,gemini-2.5-flash,STOP,False
medqa_1228,8-year-old male presenting with: short stature,"Laboratory studies show:
Na+ 145 mEq/L
K+ 4.1 mEq/L
Cl- 102 mEq/L
HCO3- 25 mEq/L
Ca2+ 9.4 mg/dL
Glucose 110 mg/dL
Thyroid-stimulating hormone 0.3 μU/mL
Thyroxine 3.9 μg/dL
Insulin-like growth factor 1 24 ng/mL (N=61–356 ng/mL)
Insulin-like growth factor binding protein 3 2.1 mcg/mL (N=1.6–6.5 μg/mL)
Which of the following is the most likely diagnosis?""",hard,B,Craniopharyngioma,B,75,True,Has the patient experienced any headaches or changes in vision?,"The patient has complained of headaches, especially at night, for the past 3 months. The patient reports no visual complaints, but parents note clumsiness and turning his head to the side to look at things, and physical examination shows bitemporal hemianopsia.",B,95,True,"Are there any imaging findings available, such as MRI or CT of the brain, particularly regarding the sellar/suprasellar region?","MRI Brain with and without contrast shows a 3.2 x 2.8 x 2.5 cm suprasellar mass with mixed solid and cystic components, calcifications, compression of the optic chiasm, and extension into the third ventricle. The pituitary stalk is thickened and displaced.",B,98,True,Has the patient experienced any symptoms of increased thirst or frequent urination?,"The patient has developed increased thirst, specifically for cold water, drinking more than 2 liters daily, and urinates frequently, including waking 2-3 times per night to urinate (nocturia).",B,100,True,gemini,gemini-2.5-flash,STOP,False
medqa_1054,69-year-old male presenting with: right shoulder pain,Which of the following is most likely injured in this patient?,medium,A,Supraspinatus,A,65,True,Does the pain worsen when you lift your arm overhead or out to the side?,The pain worsens with overhead activities or lifting objects.,A,90,True,"Do you experience any pain at rest or at night, especially when lying on the affected side?",The patient reports dull pain (3/10) at rest and fatigue attributed to poor sleep due to shoulder pain.,A,90,True,"Do you experience any pain or weakness when you try to rotate your arm outwards, away from your body, against resistance?",The patient has weakness (2/5) with external rotation; pain with resisted external rotation is not explicitly documented.,B,85,False,gemini,gemini-2.5-flash,STOP,False
medqa_0215,45-year-old male presenting with: increased urinary frequency and decreasing volumes,Which of the following is the best next step in the management of this patient?,easy,C,Digital rectal examination,A,85,False,"Are you experiencing any pain or burning with urination, or difficulty starting your stream?","I deny dysuria, urgency, hesitancy, weak stream, straining, or dribbling.",A,90,False,"Have you noticed any changes in your fluid intake, or are you consuming more caffeine or alcohol than usual?","I have tried reducing my evening fluid intake and avoiding caffeine and alcohol, but my symptoms have not improved.",A,90,False,"Are you waking up at night to urinate, and if so, how many times?",I have to get up 2 or 3 times a night to pee.,A,95,False,gemini,gemini-2.5-flash,STOP,False
medqa_0155,19-year-old male presenting with: unusual behavior,"Which of the following is the most likely explanation for this patient's symptoms?""",medium,D,Synthetic cathinone intoxication,D,45,True,"What specific behaviors are you observing, and are there any associated physical symptoms like fever, agitation, or changes in his eyes or skin?","The patient is agitated, pacing, restless, shouting, combative, disoriented, and expressing paranoid thoughts. He is diaphoretic, has a temperature of 37.9°C (100.2°F), and his pupils are 7 mm, bilaterally dilated, and sluggishly reactive to light.",D,85,True,"What are the patient's heart rate, blood pressure, and respiratory rate?","The patient's heart rate is 115/min, blood pressure is 160/89 mm Hg, and respiratory rate is 24/min.",D,90,True,"Is there any history of psychiatric illness, recent medication changes, or known substance use?","The patient has a history of major depressive disorder and seasonal allergic rhinitis. Information regarding recent medication changes is not available. The patient drinks alcohol socially, denies regular illicit drug use, and friends reported 'white powder' at the party. Urine toxicology was positive for ethyl glucuronide, and blood alcohol was 0.03%.",D,95,True,gemini,gemini-2.5-flash,STOP,False
medqa_0886,24-year-old female presenting with: routine gynecological examination and birth control refill,Which of the following is the best recommendation for the patient at this time?,easy,A,Neisseria gonorrhoeae and Chlamydia trachomatis screening,B,85,False,Are you currently sexually active?,The patient is sexually active with one male partner for the past 8 months.,A,90,True,When was her last STI screening?,The patient was tested for HIV 6 months ago.,A,95,True,When was her last Pap smear?,Her last Pap smear was done at age 22.,A,95,True,gemini,gemini-2.5-flash,STOP,False
medqa_0640,4-year-old male presenting with: abdominal cramps and muscle pains,Which of the following is the best treatment option for this patient?,medium,D,"Dimercaptosuccinic acid (DMSA), also known as succimer",D,75,True,Are there any known exposures to lead or results from a lead level test?,"The patient lives in a house built in 1950 with peeling paint in window sills and baseboards, and has been seen putting hands and toys in his mouth. His capillary blood lead level is 15 mcg/dL, and his venous blood lead level is 60 mcg/dL.",D,95,True,Are there any signs of lead encephalopathy or other severe neurological symptoms?,"No seizures, headaches, loss of consciousness, or overt neurologic deficits are reported. The patient has mild irritability and decreased attention span.",D,98,True,What are the patient's renal and hepatic function test results?,"Renal function tests show BUN 12 mg/dL and Creatinine 0.4 mg/dL. Liver function tests show AST 28 U/L, ALT 22 U/L, and Total bilirubin 0.5 mg/dL.",D,99,True,gemini,gemini-2.5-flash,STOP,False
medqa_0004,"35-year-old male presenting with: itchy, watery eyes",Which of the following is the most appropriate treatment?,easy,B,Ketotifen eye drops,B,85,True,"Are these symptoms seasonal, or do you experience other allergy symptoms like sneezing or a runny nose?","He recalls having a similar episode last spring, and he notes frequent sneezing and clear nasal discharge.",B,95,True,"Do you experience any eye pain, vision changes, or sensitivity to light?","He denies any eye pain, photophobia, or visual changes.",B,98,True,How significantly do these symptoms impact your daily activities or work?,The itching is sometimes severe enough to interfere with his ability to read or use a computer.,B,99,True,gemini,gemini-2.5-flash,STOP,False
medqa_0141,25-year-old female presenting with: fatigue and weakness,What is the best next step in management?,medium,A,MRI of the adrenal glands,C,65,False,Are there any other symptoms or physical exam findings suggestive of Cushing's syndrome?,"The patient exhibits central obesity, moon facies, buffalo hump, wide purple abdominal striae, hypertension (160/100 mmHg), hyperglycemia, oligomenorrhea, easy bruising, and slow wound healing.",C,95,False,What are the patient's plasma ACTH levels?,The patient's serum ACTH is 2 pg/mL.,C,90,False,"Have any other tests to confirm hypercortisolism, such as 24-hour urine free cortisol or late-night salivary cortisol, been performed or are pending?","A 24-hour urinary free cortisol test was performed, with a result of 470 μg.",A,98,True,gemini,gemini-2.5-flash,STOP,False
medqa_0090,32-year-old female presenting with: intermittent loose stools and weight loss,Exposure to which of the following is most likely to have played a role in the development of this patient's symptoms?,medium,D,Freshwater snails,C,65,False,"Have you traveled to tropical or subtropical regions, or had any contact with freshwater in such areas?",I immigrated from Uganda 6 weeks ago and lived in a rural area near Lake Victoria. I swam and bathed in local freshwater lakes and rivers regularly before immigration.,D,90,True,"Have you experienced any abdominal pain, blood in your stools, or any skin rashes?","The patient reports mild lower abdominal cramping, denies blood in stool, and denies rashes but has mild excoriations on the trunk from scratching.",D,95,True,"Have you experienced any fever, chills, or unusual fatigue?","The patient denies fever and chills, but reports mild fatigue.",D,95,True,gemini,gemini-2.5-flash,STOP,False
medqa_0655,62-year-old female presenting with: preoperative evaluation for pancreatic insulinoma surgery,Which of the following ligaments must be cut in order to access this space?,medium,B,Gastrohepatic ligament,B,60,True,What is the specific location of the insulinoma within the pancreas?,The insulinoma is a 1.5 cm lesion located in the body of the pancreas.,B,85,True,Is the primary surgical goal to gain access to the lesser sac?,That information is not available.,B,85,True,Is the planned surgical approach to access the pancreas through the lesser omentum?,"The surgeon plans to access the pancreas by entering the lesser sac via division of the gastrohepatic ligament, which is a portion of the lesser omentum.",B,98,True,gemini,gemini-2.5-flash,STOP,False
medqa_0097,26-year-old male presenting with: burning with urination and penile discharge,Which of the following best explains this lack of lasting immunity?,easy,B,Antigenic variation,B,85,True,"Has the patient experienced similar infections in the past, and if so, was the same pathogen identified?","The patient had gonococcal urethritis one year ago, and the current infection also identified Neisseria gonorrhoeae.",B,95,True,"Does the patient have a history of other recurrent or unusual infections, or any known immunodeficiencies?",The patient has no history of immunodeficiency or other recurrent or unusual infections.,B,98,True,Are there any known genetic predispositions or host factors that might impair the patient's ability to mount a lasting immune response specifically against Neisseria gonorrhoeae?,That information is not available.,B,99,True,gemini,gemini-2.5-flash,STOP,False
medqa_0777,"38-year-old female presenting with: chronic, widespread pain",What is the best treatment option for the most likely diagnosis in this patient?,easy,C,Paroxetine,C,85,True,"Are there any associated symptoms like significant fatigue, sleep disturbances, or mood changes?","The patient reports significant sleep disturbances, fatigue, cognitive difficulties such as trouble concentrating and memory lapses, and mild anxiety.",C,95,True,"Are there any specific tender points on physical examination, or has the patient experienced any localized swelling or redness in joints?","Point tenderness was elicited at bilateral occipital region, trapezius, supraspinatus, lateral epicondyle, medial fat pad of knees, greater trochanter, upper outer quadrants of buttocks, and second costochondral junctions. The patient denies joint swelling or redness, and none was observed on physical examination.",C,98,True,"Has the patient tried any medications or non-pharmacological therapies for their pain, fatigue, or sleep disturbances in the past, and if so, what were they and how effective were they?","The patient has tried yoga and over-the-counter acetaminophen for pain, both with minimal relief.",C,99,True,gemini,gemini-2.5-flash,STOP,False
medqa_1245,79-year-old female presenting with: non-productive cough and fatigue,"Analysis of the pleural fluid aspirate shows:
Erythrocyte count 1/mm3
Leukocyte count 4,000/mm3
Glucose 59 mg/dl
Lactate dehydrogenase 248 U/L
Protein 3.8 g/dL
Which of the following is the most likely underlying cause of this patient's effusion?""",hard,B,Mesothelioma,A,65,False,Does the patient have any history of asbestos exposure?,"The patient reports frequent exposure to dust and ""insulation materials"" (likely asbestos exposure) from working in a textile factory for 50 years.",B,85,True,"What are the findings on chest imaging (e.g., chest X-ray or CT scan)?","Chest X-ray shows a moderate right-sided pleural effusion, nodular, irregular pleural thickening and masses along the right lateral and posterior chest wall, and blunting of the right costophrenic angle. Chest CT shows nodular, circumferential pleural thickening encasing the right lung, multiple pleural-based masses (largest 3.2 x 2.8 cm), and a moderate right pleural effusion.",B,95,True,Are there any intraparenchymal lung masses or significant mediastinal lymphadenopathy noted on the CT scan?,The Chest CT shows no significant parenchymal lung mass and no significant mediastinal lymphadenopathy.,B,98,True,gemini,gemini-2.5-flash,STOP,False
medqa_0893,22-year-old male presenting with: dog bite to hand,Which of the following is the most appropriate treatment choice for this patient?,easy,B,Amoxicillin-clavulanate,B,90,True,"Does the patient have any known allergies, especially to penicillin?","The patient has no known drug allergies, and no food or environmental allergies.",B,95,True,"What is the nature of the wound, specifically, is it a puncture wound, a laceration, or an avulsion?","The dorsal aspect of the right hand shows two puncture wounds approximately 0.3 cm each, spaced 1.5 cm apart.",B,95,True,"Are there any signs of infection present, such as redness, swelling, warmth, pain, or purulent discharge around the wound?","The patient reports increasing redness, mild swelling, and tenderness around the bite area, and mild pain. Physical examination shows surrounding erythema measuring 3 x 2 cm, warmth to touch, and mild tenderness. There is no purulent discharge.",B,98,True,gemini,gemini-2.5-flash,STOP,False
medqa_0884,unknown-year-old unknown presenting with: unknown,What ribosome location is essential for protein-secreting cells?,easy,A,Rough endoplasmic reticulum,A,95,True,Are we specifically referring to proteins that are exported from the cell into the extracellular space?,"The RER is the site of synthesis and initial folding of secretory proteins, and there is decreased secretion of the alpha-1 antitrypsin protein.",A,98,True,What is the primary destination of proteins synthesized by ribosomes that are not attached to the endoplasmic reticulum?,That information is not available.,A,99,True,What mechanism ensures that ribosomes synthesizing secretory proteins are directed to the rough endoplasmic reticulum?,That information is not available.,A,99,True,gemini,gemini-2.5-flash,STOP,False
medqa_1069,45-year-old female presenting with: right breast mass,Which of the following is the most likely diagnosis?,easy,A,Phyllodes tumor,C,55,False,"How long have you noticed this mass, and has it changed in size or character since you first found it?","The patient noticed a small lump in her right breast 3 weeks ago, and it has rapidly increased in size to approximately 5 cm. She denies pain, tenderness, redness, warmth, nipple discharge, or skin changes.",A,75,True,"What are the physical examination findings of the mass, specifically regarding its mobility, borders, and consistency?","The mass is 5 cm, firm, mobile, and multinodular.",A,90,True,"Have any imaging studies, such as an ultrasound or mammogram, been performed, and if so, what were the findings?","Mammography of the right breast showed a 5-cm, well-circumscribed, smooth, polylobulated mass in the upper outer quadrant, with no microcalcifications, architectural distortion, or axillary lymphadenopathy. Breast ultrasound showed a 5.2 x 4.8 x 4.5 cm, solid, hypoechoic, well-circumscribed, multilobulated mass with heterogeneous internal echoes, no posterior acoustic shadowing, no cystic components, and no abnormal axillary lymph nodes.",A,95,True,gemini,gemini-2.5-flash,STOP,False
medqa_0925,6 months-year-old male presenting with: recurrent bacterial infections,Which of the following is the most likely diagnosis in this patient?,easy,C,Chediak-Higashi syndrome,D,75,False,Did the patient experience delayed umbilical cord separation or omphalitis?,"At 2 weeks of age, the patient was hospitalized for omphalitis, which was treated with IV antibiotics.",D,95,False,"Has the patient's complete blood count consistently shown elevated white blood cell counts, particularly neutrophils, even when not acutely infected?",That information is not available.,D,95,False,"Have the patient's infections been noted to have a diminished inflammatory response, such as a lack of pus formation or erythema, despite their severity?",That information is not available.,D,95,False,gemini,gemini-2.5-flash,STOP,False
medqa_1159,"68-year-old male presenting with: fever, abdominal pain, and rapidly progressive abdominal distension","Which of the following, in addition to polymicrobial infection, is the most likely cause of this patient’s condition?",easy,A,Bacteroides fragilis,C,75,False,Is there any crepitus on abdominal examination?,That information is not available.,C,70,False,Are there any findings of pneumoperitoneum or portal venous gas on imaging?,Abdominal X-ray shows no free air under the diaphragm. Abdominal CT scan shows no evidence of bowel perforation or free intraperitoneal air. Information regarding portal venous gas is not available.,C,75,False,Does imaging show any evidence of pneumatosis intestinalis or gas within the abdominal wall?,That information is not available.,C,80,False,gemini,gemini-2.5-flash,STOP,False
medqa_0758,"62-year-old male presenting with: low-grade fever, worsening fatigue, and mild intermittent abdominal pain",Which of the following is the most likely explanation for his cardiac findings?,hard,D,Group D streptococci,B,35,False,What are the specific cardiac findings observed in this patient?,"The patient has a PMI displaced laterally, regular rate and rhythm, a new high-pitched, blowing, decrescendo diastolic murmur best heard at the right upper sternal border radiating to the left sternal border, and a systolic ejection murmur. Head bobbing with each heartbeat (de Musset’s sign) and Corrigan’s pulse are present. Echocardiogram shows a 1.2 cm vegetation on the aortic valve, severe aortic regurgitation, and mild left ventricular dilation with preserved ejection fraction (55%).",B,75,False,What are the results of the blood cultures?,"Three sets of blood cultures were drawn, and all were positive for Gram-positive cocci in chains, later identified as Streptococcus gallolyticus, sensitive to penicillin.",B,90,False,"Are there any other gastrointestinal symptoms or signs, such as changes in bowel habits, rectal bleeding, or unexplained weight loss?","The patient reports a 6-month history of unintentional weight loss of 14.9 kg (33 lbs). He denies nausea, vomiting, diarrhea, constipation, or GI bleeding.",B,98,False,gemini,gemini-2.5-flash,STOP,False
medqa_0451,63-year-old male presenting with: cramping pain in calves after walking,What is the mechanism of action of this medication?,easy,D,Phosphodiesterase inhibitor,D,20,True,"Which specific medication are you asking about, as none was mentioned in the patient presentation?",That information is not available.,D,30,True,What was the primary therapeutic goal for prescribing this medication?,That information is not available.,D,35,True,Is the medication primarily prescribed to reduce the risk of cardiovascular events like heart attack or stroke?,That information is not available.,D,40,True,gemini,gemini-2.5-flash,STOP,False
medqa_0050,65-year-old male presenting with: anal carcinoma,How does radiation affect cancer cells?,easy,D,Induces breaks in double-stranded DNA,D,95,True,Are we referring to the effects of ionizing radiation?,That information is not available.,D,95,True,What specific DNA repair pathways are primarily challenged by the type of radiation used in this context?,That information is not available.,D,95,True,"Does the radiation primarily induce bulky adducts, base modifications, or strand breaks in the DNA?",That information is not available.,D,95,True,gemini,gemini-2.5-flash,STOP,False
medqa_1119,42-year-old female presenting with: left knee pain,Which of the following is the most likely diagnosis in this patient?,medium,D,Pes anserine bursitis,B,35,False,Can you point to the exact spot on your knee where the pain is worst?,"The patient reports pain in her left knee, specifically the inner (medial) side and the front below the kneecap.",D,75,True,What activities or movements tend to make your knee pain worse?,"Climbing stairs, rising from a chair, walking uphill, getting out of a car, and prolonged walking tend to make the knee pain worse.",D,85,True,"Do you experience any clicking, locking, or a sensation of your knee giving way?",The patient denies locking or catching. Information about clicking or a sensation of the knee giving way is not available.,D,90,True,gemini,gemini-2.5-flash,STOP,False
medqa_0222,60-year-old female presenting with: worsening shortness of breath and increasing abdominal distention,What is the mechanism of action of the anti-diabetic medication this patient is most likely taking?,easy,C,Increased gene expression of GLUT-4,C,85,True,Does the patient have a history of heart failure?,The patient denies a history of heart failure.,C,85,True,Does the patient have a history of liver disease?,The patient denies a history of liver disease.,C,85,True,Does the patient have a history of kidney disease or impaired renal function?,"The patient denies a history of renal disease. Her BUN is 14 mg/dL and creatinine is 0.9 mg/dL, which are normal. Urinalysis is unremarkable with no proteinuria or hematuria.",C,90,True,gemini,gemini-2.5-flash,STOP,False
medqa_0206,"unknown-year-old unknown presenting with: not applicable (research study, not a clinical vignette)",Which of the following would most likely suggest that these two loci have a high probability of being closely linked?,easy,C,LOD Score > 3,C,95,True,What level of statistical significance or confidence is considered 'high probability' for linkage in the context of this research study?,A LOD score > 3 confirms linkage of the novel mutation to the CF phenotype.,C,100,True,What is the general interpretation of a LOD score less than 3 but greater than 0 in the context of linkage analysis?,That information is not available.,C,100,True,What does a LOD score of 0 or a negative LOD score typically indicate regarding linkage between two loci?,That information is not available.,C,100,True,gemini,gemini-2.5-flash,STOP,False
medqa_1134,24-year-old female presenting with: foot ulcer,Which of the following characteristics is true of the most likely cause of this patient's symptoms?,easy,A,Gram-negative bacilli,D,65,False,What was the initial event or suspected cause of the foot ulcer?,The patient stepped on a rusty nail that penetrated her right foot approximately 2 weeks ago.,D,70,False,"What are the specific characteristics of the foot ulcer, such as its appearance, presence of discharge, or any associated odor?","The right foot ulcer is 3 x 2 cm with erythematous, indurated margins and a red base. It has purulent yellow-green drainage and a slightly fruity, sweet odor.",A,85,True,"Does the patient have any underlying medical conditions, such as diabetes or immunocompromised status?","The patient has no known chronic illnesses, no history of diabetes, and no history of immunodeficiency.",A,90,True,gemini,gemini-2.5-flash,STOP,False
medqa_0322,62-year-old male presenting with: frequent falls,This patient's condition is most strongly associated with which of the following histologic findings on brain autopsy?,medium,C,Intracellular inclusions of alpha-synuclein,D,65,False,"Are the falls typically backward, or has the patient experienced any difficulties with eye movements?","The patient has experienced >6 falls in the past month, often while turning or initiating movement. No difficulties with eye movements are reported; cranial nerves II-XII are intact.",C,80,True,"Beyond the falls, has the patient experienced any other motor symptoms such as tremor, rigidity, or slowness of movement?","The patient reports movements feel ""slowed and forced"" (bradykinesia), his wife notes he seems ""stiff"" (rigidity) especially in the arms, and he has a mild resting tremor in his right hand.",C,95,True,"Has the patient or his family noticed any changes in memory, attention, or episodes of confusion or visual hallucinations?",No visual hallucinations or cognitive decline are reported.,C,98,True,gemini,gemini-2.5-flash,STOP,False
medqa_0951,22-year-old female presenting with: advice about smoking cessation,Which of the following is the most appropriate next step in management?,medium,C,Varenicline,D,85,False,"How ready are you to quit smoking at this time, and have you tried quitting before?",The patient has a strong desire to quit smoking and has made 3 serious attempts in the past 2 years.,C,70,True,"Have you used any medications or nicotine replacement therapies in your previous quit attempts, and if so, what was your experience with them?",The patient tried nicotine lozenges for 1 week during her last quit attempt but discontinued them due to severe headaches and insomnia.,C,85,True,"How many cigarettes do you typically smoke per day, and how soon after waking do you have your first cigarette?",The patient smokes 1 pack per day (20 cigarettes). That information is not available.,C,90,True,gemini,gemini-2.5-flash,STOP,False
medqa_0208,unknown-year-old unknown presenting with: not applicable (no patient described),Which of the following is the mechanism of action of DN501?,easy,B,Inhibits viral assembly,C,0,False,What type of pathogen or disease is DN501 intended to treat?,That information is not available.,C,0,False,Is DN501 classified as an antiviral agent?,That information is not available.,C,0,False,Does DN501 primarily exert its effect by interacting with targets on the cell surface or within the cell?,That information is not available.,C,0,False,gemini,gemini-2.5-flash,STOP,False
medqa_0872,18-year-old male presenting with: gunshot wound to the abdomen,Which of the following arteries will now be hypoperfused as a result?,medium,C,Left gastroepiploic artery,D,30,False,Could you please specify the exact location or trajectory of the gunshot wound in the abdomen?,"The patient sustained a single gunshot wound to the left upper quadrant of his abdomen, with a bullet tract through the left upper quadrant.",C,75,True,Has imaging or surgical exploration revealed any specific organ injuries within the left upper quadrant?,Surgical exploration revealed a laceration of the splenic artery at its origin from the celiac trunk.,C,95,True,Is there any evidence of injury to the celiac trunk itself or its other main branches (left gastric or common hepatic arteries)?,That information is not available.,C,95,True,gemini,gemini-2.5-flash,STOP,False
medqa_0507,"68-year-old male presenting with: cough, dyspnea, and fever",Which of the following is the most appropriate pharmacotherapy?,hard,D,Cefepime and levofloxacin,A,65,False,"Has the patient had any recent hospitalizations, nursing home stays, or other healthcare exposures that might increase the risk for resistant organisms?",No recent hospitalizations; the last admission was for chemotherapy 2.5 months ago. The patient lives alone and has no recent sick contacts or travel.,D,80,True,"What is the patient's current clinical status, including vital signs, oxygen requirements, and any signs of severe sepsis or septic shock?","The patient is ill-appearing, diaphoretic, and in mild respiratory distress. Vital signs are: Temperature 39.1°C, Pulse 112/min, Respiratory Rate 32/min, Blood Pressure 88/69 mm Hg, and Oxygen Saturation 88% on room air. The patient has hypoxemia and findings consistent with septic shock, including hypotension, tachycardia, tachypnea, elevated lactate (3.8 mmol/L), and elevated procalcitonin (6.5 ng/mL).",D,80,True,"Does the patient have any underlying chronic lung diseases (e.g., COPD, bronchiectasis, cystic fibrosis) or a history of recurrent pneumonia?","The patient has chronic obstructive pulmonary disease (COPD), diagnosed 10 years ago.",D,90,True,gemini,gemini-2.5-flash,STOP,False
medqa_0681,29-year-old female presenting with: left leg pain,"Her lab results are as follows:
Platelets 250,000/mm3
Prothrombin Time 14 sec
Partial Thromboplastin Time 90 sec
Mixing study (PTT) 89 sec
What is the most likely cause of the patient’s condition?",medium,B,Antibodies directed against phospholipids,B,95,True,"Has the patient experienced any prior thrombotic events, such as deep vein thrombosis or pulmonary embolism, or any history of recurrent miscarriages?",The patient denies any prior history of blood clots. She has a history of one spontaneous abortion at 12 weeks gestation.,B,98,True,"What are the specific characteristics of the left leg pain, such as swelling, redness, or warmth?","The patient reports aching pain in her left calf and lower thigh, with mild swelling and a sensation of heaviness. She denies redness or warmth but notes the leg looks slightly more pink than the right. On examination, the left lower leg has mild swelling, a pink hue, and is mildly warm to touch.",B,99,True,"Does the patient have any other systemic symptoms, such as joint pain, rash, oral ulcers, or unexplained fevers?",The patient reports mild morning stiffness in hands and a history of arthralgias and malar rash. She denies oral ulcers and fevers.,B,100,True,gemini,gemini-2.5-flash,STOP,False
medqa_0344,47-year-old female presenting with: trembling of her hands,Which of the following is the most likely cause of this patient's symptoms?,hard,A,Cerebellar demyelination,B,40,False,"Does the trembling occur more when her hands are at rest, or when she is actively trying to use them?",The tremor is only present during purposeful movement; it is not present at rest or when holding arms outstretched.,A,85,True,"Are there any other associated symptoms, such as problems with balance, coordination, speech, or eye movements?","Associated symptoms include occasional clumsiness, dropping objects, difficulty with fine motor tasks, and occasional unsteadiness when walking. The patient denies double vision, dysarthria, or swallowing difficulty.",A,90,True,"What was the onset of these symptoms, and have they been constant, progressive, or episodic?","The onset of symptoms was 5 months ago, with a gradual onset and slowly progressive course.",A,95,True,gemini,gemini-2.5-flash,STOP,False
medqa_0807,45-year-old male presenting with: multiple stab wounds with extensive blood loss,What is the most likely cause of his presentation?,hard,A,Cardiac tamponade,A,70,True,Are any of the stab wounds located in the chest?,"Multiple stab wounds are noted in the chest: 2 wounds in the left anterior chest, 4th and 5th intercostal spaces, midclavicular line; 1 wound in the right anterior chest, 3rd intercostal space; and 1 wound in the left lateral chest, 6th intercostal space.",A,90,True,Are there any signs of jugular venous distension or muffled heart sounds on physical examination?,"Jugular veins are distended at 45 degrees, and heart sounds are muffled and distant.",A,95,True,What is the patient's blood pressure?,"The patient's blood pressure on ED arrival, post-resuscitation, was 50/40 mmHg.",A,98,True,gemini,gemini-2.5-flash,STOP,False
medqa_0889,23-year-old male presenting with: gum bleeding,Which of the following aspects of coagulation would most likely be affected?,medium,A,Gp Ib,C,55,False,"Have you noticed any other bleeding, such as easy bruising, nosebleeds, or small red spots on your skin?",I have noticed mild bruising on my shins after minor bumps over the past few months. I have not had nosebleeds or small red spots on my skin.,A,70,True,"Have you experienced any prolonged or excessive bleeding after minor cuts, dental procedures, or other injuries?",The patient reports no excessive bleeding after minor cuts. There is no history of excessive bleeding after injuries or dental work.,B,65,False,Is there any family history of bleeding disorders or easy bruising?,"The patient is adopted, and his biological family history is unknown. There is no known family history of bleeding disorders in his adoptive family.",A,75,True,gemini,gemini-2.5-flash,STOP,False
medqa_1050,40-year-old female presenting with: statin intolerance,"Of the following, which is a concern with the initiation of this medication?",medium,C,Timing of the dosing of colesevelam should be separated from this patient’s other medications.,C,95,True,What other medications is the patient currently taking?,"The patient is currently taking Hydrochlorothiazide 25 mg PO daily, Levothyroxine 100 mcg PO daily, Albuterol inhaler 90 mcg/puff as needed, Oral contraceptive (ethinyl estradiol/norgestimate) 1 tablet PO daily, and Multivitamin 1 tablet PO daily.",C,98,True,"Does the patient have any history of gastrointestinal issues, such as severe constipation or bowel obstruction?",The patient denies constipation.,C,98,True,What are the patient's baseline triglyceride levels?,The patient's triglyceride level is 132 mg/dL.,C,98,True,gemini,gemini-2.5-flash,STOP,False
medqa_0943,N/A-year-old N/A presenting with: N/A,Which step is the most direct necessary component of relaxation for this cell?,easy,D,Efflux of calcium ions,D,95,True,"Is this cell a skeletal, cardiac, or smooth muscle cell?","The cells being observed are isolated cardiac myocytes, specifically ventricular myocytes.",D,98,True,What is the primary mechanism responsible for the decrease in cytosolic calcium concentration during relaxation in ventricular myocytes?,The decrease in cytosolic calcium concentration during relaxation occurs primarily via SERCA (reuptake into the sarcoplasmic reticulum) and NCX (extrusion into the extracellular space).,D,99,True,Is ATP hydrolysis directly involved in the process of calcium efflux from the cytosol during relaxation in ventricular myocytes?,"Relaxation occurs due to the efflux of calcium ions from the cytosol, primarily via SERCA (reuptake into the sarcoplasmic reticulum) and NCX (extrusion into the extracellular space). SERCA is a Ca²⁺-ATPase.",D,100,True,gemini,gemini-2.5-flash,STOP,False
medqa_0896,23-year-old male presenting with: change in personality,Which of the following is the most likely diagnosis?,easy,D,Schizophrenia,D,65,True,"Has he developed any new, unusual beliefs, or started hearing or seeing things that others don't?","He has expressed beliefs that ""aliens are watching me and stealing my thoughts"" and that he cannot leave the house because ""they"" will follow him. He denies hearing voices or other hallucinations.",D,80,True,"How long have these beliefs and personality changes been present, and have there been any other noticeable changes in his behavior, speech, or daily functioning?","The patient has experienced a change in personality, increasing social withdrawal, and bizarre beliefs over the past 7 months. He has become increasingly withdrawn, stopped answering calls, ceased contact with friends and family, spends most of his time in his room often talking to himself, is suspicious, frequently checks windows, covers his laptop camera, and has neglected personal hygiene. His speech is low volume, monotone, and has poverty of content. He has poor sleep, reduced appetite, and has lost about 6 kg over the past 6 months.",D,90,True,"Are there any known medical conditions or medications he is taking, or any history of substance use?","The patient has no known chronic medical illnesses or psychiatric diagnoses. He is not taking any medications. He denies recent substance use, last used marijuana about a year ago, and denies alcohol or other drug use.",D,95,True,gemini,gemini-2.5-flash,STOP,False
medqa_0052,65-year-old male presenting with: yellowish discoloration of skin and generalized pruritus,Which of the following is the most likely underlying cause of these findings?,easy,D,Defective hepatic bile excretion,D,90,True,Have you noticed any changes in the color of your urine or stool?,"He has noticed his urine has become dark (""like tea"") and his stools appear pale or clay-colored.",D,98,True,"Are you experiencing any abdominal pain, especially in the upper right side, or have you had any fever or chills?","I deny any abdominal pain, fever, or chills.",D,99,True,"Are you currently taking any medications, including over-the-counter drugs or herbal supplements?","The patient is taking Metformin 1000 mg BID, Lisinopril 20 mg daily, Atorvastatin 20 mg daily, and Aspirin 81 mg daily.",D,99,True,gemini,gemini-2.5-flash,STOP,False
medqa_0607,unknown-year-old unknown presenting with: psychiatric illness,The primary measure used in this study can be defined as which of the following?,easy,C,The observed number of deaths divided by the expected number of deaths,C,40,True,Is the study designed to compare mortality in individuals with psychiatric illness to a reference population?,"The study uses the Standardized Mortality Ratio (SMR), defined as the observed number of deaths divided by the expected number of deaths, which implies a comparison to a reference population.",C,95,True,How is the 'expected number of deaths' typically determined or calculated in this study?,That information is not available.,C,98,True,What specific aspect of mortality in psychiatric illness is the study primarily aiming to quantify or compare using the Standardized Mortality Ratio?,That information is not available.,C,100,True,gemini,gemini-2.5-flash,STOP,False
medqa_1182,64-year-old male presenting with: follow-up examination for hypertension,Decreased renal blood flow is most likely to cause which of the following?,easy,A,Hyperplasia of juxtaglomerular cells,A,90,True,Is the decreased renal blood flow acute or chronic?,That information is not available.,A,95,True,What is the estimated glomerular filtration rate (eGFR)?,That information is not available.,A,95,True,What are the patient's plasma renin activity (PRA) or direct renin concentration (DRC) levels?,The patient's plasma renin activity is 8.2 ng/mL/hr.,A,98,True,gemini,gemini-2.5-flash,STOP,False
medqa_0410,"26-year-old female presenting with: frequent, large volume urination",Which of the following best explains this patient’s serum and urine osmolality?,easy,C,ADH resistance in the renal collecting ducts,B,50,False,What are the patient's serum and urine osmolality values?,The patient's serum osmolality is 425 mOsm/kg and urine osmolality is 176 mOsm/kg.,B,80,False,What is the patient's serum ADH level?,Plasma ADH (vasopressin) is elevated at 8 pg/mL.,C,95,True,What is the patient's urine osmolality after administration of desmopressin (DDAVP)?,"After desmopressin administration, urine osmolality increases minimally to 200 mOsm/kg.",C,100,True,gemini,gemini-2.5-flash,STOP,False
medqa_1164,80-year-old male presenting with: confusion,Which of the following would be the best initial management for this patient's condition?,medium,A,Angiotensin-converting-enzyme inhibitor (ACEI),C,45,False,What is the patient's current blood pressure?,The patient's blood pressure is 180/99 mm Hg.,C,65,False,"What is the patient's baseline renal function (e.g., creatinine, GFR)?",Prior labs 1 year ago showed creatinine ~1.4 mg/dL.,C,75,False,"Are there any other signs or symptoms of acute end-organ damage (e.g., focal neurological deficits, chest pain, dyspnea, vision changes)?","There is no report of focal neurological deficits, chest pain, palpitations, shortness of breath, or vision changes.",C,85,False,gemini,gemini-2.5-flash,STOP,False
medqa_0467,"40-year-old male presenting with: shortness of breath, double vision, and fatigue",Which of the following immunologic processes normally occurs in the region indicated by the arrow?,hard,D,Negative selection,D,70,True,Which anatomical region is indicated by the arrow?,That information is not available.,D,60,True,Is the process indicated by the arrow primarily involved in the generation of receptor diversity or in the selection of cells based on their receptor specificity?,That information is not available.,D,60,True,Is the primary function of this process to ensure immune tolerance to self-antigens?,That information is not available.,D,20,True,gemini,gemini-2.5-flash,STOP,False
medqa_0610,23-year-old female presenting with: routine prenatal exam,"Routine prenatal labs show the following:
Blood type A Rh-
Leukocyte count 11,000/mm3
Hemoglobin 12.5 g/dL
Platelet count 345,000/mm3
Serum
Anti-D antibody screen Negative
Rubella IgM Negative
Rubella IgG Negative
Varicella IgM Negative
Varicella IgG Positive
STD panel Negative
Urine
Protein Trace
Culture No growth
Cervical cytology Normal
Which of the following is the best next step in management of this patient?""",medium,A,Repeat antibody screening at 28 weeks. Administer anti-D immunoglobulin at 28 weeks and after delivery if the newborn is Rh(D) positive.,A,95,True,What is the patient's current gestational age?,The patient is at 20 weeks gestation.,A,95,True,What is the Rh status of the patient's partner?,That information is not available.,A,95,True,"Has the patient had any previous pregnancies, and if so, what were their outcomes (e.g., live birth, miscarriage, abortion, ectopic)?","The patient has had one previous pregnancy (G1) which resulted in a healthy, term, vaginal delivery of a girl.",A,95,True,gemini,gemini-2.5-flash,STOP,False
medqa_0627,30-year-old female presenting with: contractions every 5 minutes at 38 weeks gestation,What is the best next step in management?,hard,C,Elevate posterior fornix,B,60,False,What is her cervical dilation and effacement?,That information is not available.,B,65,False,What is the fetal heart rate pattern?,That information is not available.,B,65,False,Is there any vaginal bleeding or leakage of amniotic fluid?,The patient denies any vaginal bleeding or leakage of fluid prior to admission.,B,70,False,gemini,gemini-2.5-flash,STOP,False
medqa_0702,presenting with: unknown complaint,Lowering the cut-off point to 4 mm would also result in an increase in which test property?,medium,C,Negative predictive value,C,60,True,In what clinical context or for what purpose is this diagnostic test being used?,"Maria presents for occupational health screening as part of a routine annual check-up required for school staff, and was told she needs a TB test for work.",C,95,True,Is there a specific reason or clinical goal for considering lowering the cut-off point to 4 mm for this TB test?,That information is not available.,C,95,True,"What specific type of TB test (e.g., TST, IGRA) is being referred to?",The specific type of TB test being referred to is the Tuberculin Skin Test (Mantoux).,C,95,True,gemini,gemini-2.5-flash,STOP,False
medqa_0552,58-year-old female presenting with: worsening abdominal pain,Which of the following is the most appropriate next step in management?,hard,A,Endoscopic retrograde cholangiopancreatography (ERCP),C,15,False,"What are the specific characteristics of the abdominal pain, and are there any associated symptoms like fever, jaundice, or nausea/vomiting?","The abdominal pain is a 2-day history of progressively worsening, sudden onset, constant, sharp, severe (8/10) pain located in the right upper quadrant, radiating to her back and right shoulder, aggravated by movement and deep inspiration, and not relieved by acetaminophen. Associated symptoms include subjective fever, chills, nausea, multiple episodes of non-bloody, non-bilious vomiting, and yellowing of her eyes.",C,85,False,"What are the patient's vital signs and relevant laboratory results, including complete blood count, liver function tests, and amylase/lipase?","On arrival, temperature was 38.10C, pulse 92/min, respirations 18/min, BP 132/85 mm Hg, O2 Sat 98% on room air. After 12 hours, temperature was 39.10C, pulse 105/min, respirations 22/min, BP 112/82 mm Hg, O2 Sat 97% on room air. CBC shows WBC 16,000/mm3, Hemoglobin 13 g/dL, Hematocrit 39%, Platelets 280,000/mm3. LFTs show AST 207 U/L, ALT 196 U/L, Alk Phos 432 U/L, Total Bilirubin 3.8 mg/dL, Direct Bilirubin 2.7 mg/dL, Albumin 3.4 g/dL, PT/INR 1.3. Lipase is 82 U/L and Amylase is 65 U/L.",A,90,True,"Has any abdominal imaging, such as an ultrasound or CT scan, been performed, and if so, what were the findings regarding the biliary system?","An abdominal ultrasound (RUQ) was performed, which showed multiple hyperechoic, shadowing stones within the gallbladder, a thickened gallbladder wall (5 mm), a common bile duct dilated to 10 mm, and dilated intrahepatic bile ducts.",A,95,True,gemini,gemini-2.5-flash,STOP,False
medqa_0258,"36-year-old female presenting with: breathlessness, cough, and night sweats",What is the most likely cause of her current symptoms?,medium,D,Decreased ALA synthesis,A,30,False,"Does the patient have any other symptoms such as abdominal pain, neurological changes, or a history of environmental toxin exposure?","The patient reports numbness and tingling in both feet, and decreased sensation to light touch and pinprick in bilateral feet. The patient reports no abdominal pain. There is no documented history of environmental toxin exposure.",A,60,False,"Are there any specific findings on a complete blood count or peripheral blood smear, such as anemia characteristics or basophilic stippling?","The CBC shows hemoglobin 10.0 g/dL, hematocrit 30%, MCV 68 fL (microcytic), and MCH 20 pg. The peripheral blood smear shows microcytic, hypochromic red blood cells and basophilic stippling.",A,90,False,"What is the duration of these symptoms, and have they been progressive?","The patient presented with breathlessness, cough, and night sweats for 2 months, and the shortness of breath was progressive, initially on exertion and then at rest.",A,95,False,gemini,gemini-2.5-flash,STOP,False
medqa_0711,8-year-old male presenting with: excessively dry skin,Which of the following is the most likely diagnosis?,easy,C,Ichthyosis vulgaris,C,75,True,What do the scales look like and where are they primarily located on his body?,"The scales are fine, white to gray, and are generalized over the extensor surfaces of arms and legs, trunk, and back, sparing the skin creases (neck, antecubital, and popliteal fossae).",C,95,True,Is there any family history of similar dry or scaly skin conditions?,"The patient's mother reports similar dry, scaly skin as a child, and the maternal grandfather had ""dry skin"" in childhood.",C,98,True,"Has the patient ever been diagnosed with or shown symptoms of asthma, eczema, or allergic rhinitis?",The patient has no asthma or allergic rhinitis. The patient has no evidence of atopic dermatitis.,C,99,True,gemini,gemini-2.5-flash,STOP,False
medqa_0128,47-year-old female presenting with: progressive muscle weakness,"Laboratory studies show:
Hemoglobin 13.7 g/dL
Leukocytes 11,200/mm3
Erythrocyte sedimentation rate 33 mm/h
Serum
Creatine kinase 212 U/L
Lactate dehydrogenase 164 U/L
AST 34 U/L
ALT 35 U/L
Which of the following is most likely to confirm the diagnosis?""",medium,A,Intrafascicular infiltration on muscle biopsy,B,45,False,Does the patient have any associated skin rashes or other dermatological manifestations?,"The patient has no rashes, ulcers, color changes, Gottron papules, or heliotrope rash.",A,75,True,"What is the distribution of the muscle weakness (e.g., proximal vs. distal, symmetrical vs. asymmetrical)?","The patient has gradually progressive weakness in proximal muscles (shoulders and hips), which is symmetrical.",A,85,True,"Are there any specific muscle groups that are disproportionately affected, such as the quadriceps or forearm flexors, or is there any difficulty with swallowing?","The patient has weakness in proximal muscles, with shoulder abduction 4/5, hip flexion 4/5, and neck flexion 4/5. Knee extension and forearm flexors are 5/5. The patient also has new onset of dysphagia with solid foods.",A,90,True,gemini,gemini-2.5-flash,STOP,False
medqa_1158,27-year-old female presenting with: aggressive behavior and responding to internal stimuli,"Serum:
Na+: 135 mEq/L
Cl-: 100 mEq/L
K+: 3.9 mEq/L
HCO3-: 24 mEq/L
BUN: 20 mg/dL
Glucose: 70 mg/dL
Creatinine: 1.7 mg/dL
Ca2+: 10.0 mg/dL
Mg2+: 1.5 mEq/L

Hemoglobin: 10 g/dL
Hematocrit: 35%
Reticulocyte count: 4.9%
Platelet count: 275,000/mm^3
Leukocyte count: 5,500/mm^3

Which of the following is the next best step in management for this patient's underlying condition?",hard,D,ANA and anti-dsDNA levels,D,90,True,"Has the patient experienced any other symptoms such as joint pain, rashes, fever, or oral ulcers?","The patient reports intermittent low-grade fevers, joint pain (especially in the wrists and knees), a red rash on her cheeks that worsens with sun exposure, and mouth sores.",D,98,True,"Has the patient experienced any chest pain, shortness of breath, or abdominal pain?","The patient denies chest pain, shortness of breath, and abdominal pain.",D,98,True,"Has the patient experienced any other neurological symptoms such as memory problems, confusion, or mood changes?","The patient reports feeling confused, having trouble concentrating, and experiencing mood swings. Her memory is mildly impaired, and she has had recent hallucinations and paranoia.",D,99,True,gemini,gemini-2.5-flash,STOP,False
medqa_0138,7-year-old male presenting with: frequent bed wetting during the night,"His laboratory investigations are as follows:
Urine-specific gravity (first-morning sample) 1.035
Urine red blood cells Absent
Urine pus cells Absent
Urine culture Negative
Which of the following is the next step in the management of this patient?",easy,B,Reassuring the parents and use of an enuresis alarm,B,90,True,"Does he experience any daytime urinary symptoms such as urgency, frequency, or wetting?","There is no daytime incontinence, urgency, frequency, hesitancy, straining, dribbling, or weak stream.",B,95,True,Does the patient have a history of constipation or infrequent bowel movements?,The patient has no history of constipation or encopresis.,B,98,True,Is there a family history of nocturnal enuresis?,The patient's father had similar bedwetting until age 9.,B,99,True,gemini,gemini-2.5-flash,STOP,False
medqa_0529,"60-year-old female presenting with: sudden, painless loss of vision in right eye",Which of the following is the most likely diagnosis?,easy,B,Central retinal artery occlusion,B,75,True,Did she experience any flashes of light or new floaters in that eye before the vision loss occurred?,She denies any photopsias or floaters before the vision loss.,B,80,True,"Does she have any associated symptoms such as headache, jaw pain with chewing, or tenderness in her temples?","She denies headache, jaw claudication, and scalp tenderness.",B,85,True,"Does she have any medical history of hypertension, diabetes, or high cholesterol?","The patient has a medical history of hypertension, type 2 diabetes mellitus, and hyperlipidemia.",B,90,True,gemini,gemini-2.5-flash,STOP,False
medqa_0770,7 to 11-year-old unspecified (mixed) presenting with: paralysis after flu-like illness,Which of the following is most likely true about this study?,easy,B,Hypothesis testing cannot be performed,C,40,False,What is the primary objective of the study being referred to?,That information is not available.,C,55,False,Does the study compare the frequency of past exposures or characteristics between individuals who developed paralysis and those who did not?,That information is not available.,C,60,False,Does the study collect data on exposures or characteristics that occurred *before* the onset of paralysis?,"The patient profile includes information on a flu-like illness 7 days prior to paralysis onset, as well as details on recent travel, vaccinations, past medical history, and family history.",C,85,False,gemini,gemini-2.5-flash,STOP,False
medqa_0569,25-year-old male presenting with: unconsciousness at a party,Which of the following is the best next step in management?,hard,B,Dantrolene,C,85,False,Is the patient maintaining a patent airway and breathing effectively?,"The patient's respirations are 19/min then 18/min, O2 saturation is 99% then 98% on room air, and lungs are clear to auscultation bilaterally with no rales, wheezes, or rhonchi.",D,90,False,"What are the patient's heart rate, blood pressure, temperature, and blood glucose level?","The patient's heart rate is 125/min, blood pressure is 127/68 mmHg, temperature is 103°F (39.4°C), and blood glucose is 110 mg/dL.",D,90,False,Is there any evidence of muscle rigidity or increased muscle tone on physical examination?,"After deterioration, there was generalized muscle rigidity, especially in upper limbs and neck (""lead pipe"" rigidity).",B,95,True,gemini,gemini-2.5-flash,STOP,False
medqa_1077,59-year-old male presenting with: fatigue,"A complete blood count and iron studies are reported below:

Hemoglobin: 12.1 g/dL
Hematocrit: 36%
Leukocyte count: 6,000/mm^3 with normal differential
Platelet count: 170,000/mm^3

Mean corpuscular volume: 70 um^3
Iron: 250 ug/dL
Ferritin: 300 ng/mL
Total iron binding capacity: 200 mcg/dL^3

Which of the following findings is most likely to be seen in this patient?",hard,A,Erythroblasts with mitochondrial iron deposits,A,90,True,Does the patient have a history of heavy alcohol use or exposure to lead or certain medications like isoniazid?,"The patient has a history of chronic alcohol use disorder, drinks approximately 6-8 beers daily, and has had 5 emergency room visits in the past 2 years for acute alcohol intoxication. That information is not available regarding lead exposure or isoniazid use.",A,99,True,"What are the findings of a bone marrow biopsy, if performed?","Bone marrow aspirate and biopsy showed hypercellular marrow with erythroid hyperplasia, numerous erythroblasts with perinuclear rings of iron-laden mitochondria (ringed sideroblasts) on Prussian blue stain, and no increase in blasts.",A,99,True,"What are the specific findings on the peripheral blood smear, particularly regarding red cell morphology (e.g., presence of dimorphic population, Pappenheimer bodies, basophilic stippling)?","The peripheral smear shows macrocytosis, anisopoikilocytosis, hypersegmented neutrophils, presence of erythroblasts with basophilic stippling, and ringed sideroblasts.",A,100,True,gemini,gemini-2.5-flash,STOP,False
medqa_0857,71-year-old female presenting with: pigmented lesion on left foot,Which of the following is the mechanism of action for this drug?,easy,C,Activating natural killer cells and cytotoxic T cells,C,10,True,Which specific drug are you referring to?,That information is not available.,C,30,True,What class of medication is being considered for this patient?,That information is not available.,C,35,True,Is this drug primarily intended to stimulate the patient's immune system to fight the disease?,That information is not available.,C,45,True,gemini,gemini-2.5-flash,STOP,False
medqa_1083,18-year-old male presenting with: right foot pain,Which of the following is the most appropriate next step in management?,easy,A,Rest and acetaminophen,A,40,True,"Did the pain start suddenly after a specific injury, or has it developed gradually over time?",The pain started as mild pain during runs and has gradually worsened over time.,C,75,False,"Is the pain localized to a specific area of the foot, and are there any associated physical findings such as swelling, redness, or tenderness to touch?","The pain is in the right forefoot, diffusely, with maximal tenderness over the third metatarsal. There is mild swelling over the distal forefoot and diffuse tenderness over the right forefoot, maximal over the shaft of the third metatarsal. Redness is denied.",C,80,False,"Has the patient attempted any rest or over-the-counter pain medications, and if so, what was the effect on the pain?",The patient reports that rest and acetaminophen provide partial relief from the pain.,C,90,False,gemini,gemini-2.5-flash,STOP,False
medqa_0025,5-year-old female presenting with: recurrent infections,Which of the following is most likely dysfunctional in this patient?,easy,D,Respiratory burst,D,60,True,"What types of infections has she been experiencing, and have there been any unusual pathogens or sites of infection?","Emily has experienced recurrent pneumonia, skin abscesses, otitis externa, sinus infection, and invasive pulmonary aspergillosis. Pathogens identified include Pseudomonas aeruginosa from otitis externa, Staphylococcus aureus from skin abscesses and a sinus infection, and Aspergillus from invasive pulmonary aspergillosis.",D,95,True,"Have any specific tests been performed to evaluate neutrophil function, such as a Dihydrorhodamine (DHR) flow cytometry test or Nitroblue Tetrazolium (NBT) test?","A Nitroblue Tetrazolium (NBT) Test was negative, and Dihydrorhodamine (DHR) Flow Cytometry showed absent oxidative burst in neutrophils.",D,100,True,Is there any family history of similar recurrent infections or immunodeficiency?,"There is no family history of immunodeficiency, early childhood deaths, or similar infections.",D,100,True,gemini,gemini-2.5-flash,STOP,False
medqa_0324,55-year-old male presenting with: altered mental status,What is the best next step in the management of this patient?,medium,A,ERCP,D,35,False,"Are there any other associated symptoms, such as jaundice, abdominal pain, or fever, or any relevant past medical history?","The patient's wife noticed yellowing of his eyes and skin this morning. He has had abdominal pain for 2 days in the right upper quadrant, described as constant, dull, and moderate in intensity. He also has fever (38.5°C), chills, dark urine, and mild pruritus. His past medical history includes hypertension, type 2 diabetes mellitus, and hyperlipidemia.",D,80,False,"Has an abdominal ultrasound been performed, and if so, what were the findings?","An abdominal ultrasound was performed, showing a normal size and echotexture liver with no focal lesions. The gallbladder is distended with a thickened wall (4 mm), no pericholecystic fluid, and no obvious gallstones visualized. The common bile duct is dilated to 10 mm, and intrahepatic ducts are mildly prominent. The pancreas is poorly visualized with no obvious mass, and there is no ascites.",A,90,True,"What are the patient's current vital signs and relevant laboratory results, including liver function tests, complete blood count, and coagulation profile?","On arrival, vital signs were: temperature 38.70C, blood pressure 80/50 mm Hg (improving to 101/70 mm Hg), pulse 103/min, respiratory rate 22/min, and oxygen saturation 97% on room air. Complete blood count shows hemoglobin 14.5 g/dL, leukocytes 16,500/mm3, and platelets 170,000/mm3. Liver function tests show total bilirubin 2.8 mg/dL, direct bilirubin 2.2 mg/dL, AST 50 U/L, ALT 65 U/L, ALP 180 U/L, GGT 110 U/L, and albumin 3.5 g/dL. The INR is 1.2.",A,95,True,gemini,gemini-2.5-flash,STOP,False
medqa_1125,15-year-old female presenting with: severe menstrual cramping,Which of the following is the best next step for this patient’s menstrual cramps?,easy,C,NSAIDs,C,90,True,"Have you tried any over-the-counter pain relievers, such as ibuprofen or naproxen, for these cramps, and if so, how effective were they?",She has not tried any medications for pain.,C,95,True,"Are you experiencing any other symptoms along with the cramps, such as heavy bleeding, irregular periods, pain during intercourse, or fever?","The patient reports her flow is ""really heavy"" for the first two days, requiring a superabsorbent pad every 6 hours. Her cycles have become more regular, occurring every 28-35 days since age 13. She denies any sexual activity and denies fever.",C,90,True,"When did these severe cramps begin in relation to your first period, and have they always been this severe, or have they worsened over time?",The patient reports a 2-year history of severe lower abdominal pain associated with her menstrual periods. That information is not available.,C,90,True,gemini,gemini-2.5-flash,STOP,False
medqa_0088,26-year-old female presenting with: trauma after high-speed motor vehicle collision,Which of the following is the most likely diagnosis?,hard,C,Thoracic aortic rupture,D,30,False,What are the patient's current vital signs and initial respiratory exam findings?,"On arrival, the patient's vital signs were: Temperature 36.8°C, Pulse 130/min, Respiratory Rate 29/min, Blood Pressure 90/58 mm Hg, and Oxygen Saturation 70% on room air. Respiratory exam showed a seatbelt sign across the left upper chest, tenderness over the left upper chest, dullness to percussion at the left lung base, and decreased breath sounds at the left lung base.",A,60,False,"Are there any signs of bowel sounds heard in the chest, or any evidence of subcutaneous emphysema?",That information is not available regarding bowel sounds in the chest. No subcutaneous emphysema was appreciated in the neck.,A,70,False,Is there any evidence of mediastinal shift or tracheal deviation on physical exam?,"No tracheal deviation was appreciated on physical exam, though it was difficult to assess due to facial swelling. Mediastinal shift was not noted on physical exam.",A,75,False,gemini,gemini-2.5-flash,STOP,False
medqa_0749,55-year-old male presenting with: headache,Which of the following is the best next step in management?,easy,C,IV steroids,A,55,False,"Is this headache sudden in onset, severe, or associated with any other symptoms like fever, neck stiffness, or vision changes?","The patient reports a severe, throbbing headache that started a few days ago and has progressively worsened. He denies fever and neck stiffness, but reports mild blurred vision in his right eye for the past day.",A,85,False,"Does the patient experience any jaw pain with chewing, scalp tenderness, or pain in the temples?","The patient reports severe, throbbing headache predominantly over his right temporal region, associated scalp tenderness, and jaw pain that is particularly severe when chewing (jaw claudication).",C,95,True,"Has the patient experienced any unexplained weight loss, fatigue, or night sweats recently?",The patient reports mild fatigue for several weeks and unintentional weight loss of 5 pounds over 2 months. He denies night sweats.,C,98,True,gemini,gemini-2.5-flash,STOP,False
medqa_1081,62-year-old female presenting with: progressive pain and stiffness of the fingers of her right hand,Which of the following is the most likely underlying mechanism of this patient's condition?,easy,D,Degenerative disease of the joints,D,65,True,"Are the symptoms affecting specific joints like the knuckles closest to the fingernails (DIPs), the middle knuckles (PIPs), or the larger knuckles at the base of the fingers (MCPs), and are both hands affected?",The symptoms affect the 1st metacarpophalangeal (MCP) and 2nd and 4th distal interphalangeal (DIP) joints of the right hand; no other joints are involved.,D,85,True,"Are the affected joints noticeably swollen, red, or warm to the touch?",There is mild swelling of the right 1st MCP and right 2nd and 4th DIP joints; no erythema or warmth is noted.,D,90,True,How long does the stiffness typically last in the morning or after periods of inactivity?,Stiffness lasts less than 30 minutes in the morning.,D,95,True,gemini,gemini-2.5-flash,STOP,False
medqa_0381,23-year-old female presenting with: fatigue,Which of the following is true about the rate limiting enzyme of the biochemical pathway that is affected by this patient's most likely condition?,medium,C,It is inhibited by protein kinase A activity,D,65,False,"Are there any other symptoms, such as heavy menstrual bleeding, dietary restrictions, or specific medication use, that might point to a more specific cause of fatigue?","The patient reports normal menses with no menorrhagia, no dietary restrictions, and no prescription or over-the-counter medications or herbal supplements.",D,70,False,"Are there any signs or symptoms of a specific organ system dysfunction, such as cardiovascular, respiratory, or neurological issues, that might be contributing to the fatigue?","The patient reports getting short of breath when she exercises and sometimes feels lightheaded when standing up quickly. She denies chest pain, palpitations, syncope, leg swelling, weakness, numbness, or tingling.",C,80,True,"Are there any notable physical exam findings, such as pallor, tachycardia, or murmurs, that might provide further clues?","The patient appears mildly pale, has mild pallor of the skin and conjunctiva, and a heart rate of 92 bpm. There are no murmurs.",C,95,True,gemini,gemini-2.5-flash,STOP,False
medqa_1172,four-day-old-year-old female presenting with: vaginal discharge,Which of the following is the best next step in management?,easy,D,Reassurance,D,65,True,"Can you describe the color, consistency, and odor of the vaginal discharge?","The vaginal discharge is described as scant, pink, and mucoid, with no foul odor.",D,90,True,"Is there any associated vulvar erythema, swelling, or signs of discomfort in the infant?","No vulvar erythema or signs of discomfort are noted. The labia majora and minora are mildly edematous, which is normal for age.",D,95,True,"Are there any other associated symptoms such as fever, poor feeding, or irritability?","No fever, irritability, poor feeding, vomiting, diarrhea, or lethargy.",D,99,True,gemini,gemini-2.5-flash,STOP,False
medqa_0932,64-year-old male presenting with: bilateral knee pain,Which of the following studies would be indicated for further work-up of this patient's presenting condition?,easy,D,No further work-up needed,B,30,False,"What are the associated symptoms, such as swelling, warmth, redness, or prolonged morning stiffness?","The patient denies significant swelling, redness, or warmth of the joints. He experiences minimal morning stiffness lasting 5-10 minutes and reports occasional mild swelling at the end of the day.",C,60,False,"Does the patient experience any mechanical symptoms such as locking, catching, or giving way in either knee?","The patient denies any locking, catching, or giving way of the knees.",C,65,False,What is the typical pattern of the pain throughout the day and in relation to activity and rest?,"The pain is rated 4/10 at rest and up to 7/10 with activity. It is aggravated by prolonged walking, climbing or descending stairs, and standing, and improves with rest and sitting. He experiences minimal morning stiffness lasting 5-10 minutes.",C,75,False,gemini,gemini-2.5-flash,STOP,False
medqa_1063,"54-year-old female presenting with: sudden onset, mild vaginal bleeding",Which of the following best describes the role of atracurium in this patient’s anesthesia?,easy,D,It competes with acetylcholine for binding sites in the neuromuscular junction,D,95,True,What is the planned surgical procedure or reason for general anesthesia?,That information is not available.,D,98,True,Are there any specific patient comorbidities or allergies that influenced the choice of atracurium?,That information is not available.,D,99,True,What type of neuromuscular monitoring is being used during the administration of atracurium?,That information is not available.,D,99,True,gemini,gemini-2.5-flash,STOP,False
medqa_0885,Not specified-year-old female presenting with: severe headache,Which of the following is the most likely cause of this patient's current presentation?,hard,C,Medication reaction,A,45,False,"Did this headache come on suddenly, and is it the worst headache you've ever experienced?","Yes, the headache started suddenly, and it is more severe than my usual migraines.",A,85,False,"Are you experiencing any other symptoms such as weakness on one side of your body, vision changes, difficulty speaking, or numbness?","I developed slurred speech, left facial droop, left arm weakness, and decreased sensation to light touch in my left upper extremity.",A,90,False,"Do you have a history of high blood pressure, or are you currently taking any blood thinners?","No, I do not have a history of hypertension, and I am not currently taking any blood thinners.",A,95,False,gemini,gemini-2.5-flash,STOP,False
medqa_0458,20-year-old male presenting with: evaluation after exercise,Which of the following is most likely responsible for the change in his heart rate and blood pressure?,easy,C,Sympathetic nervous system activation,A,70,False,"Were the patient's heart rate and blood pressure returning to normal resting levels, or were there any abnormal fluctuations or sustained changes after exercise?","The patient's vitals showed a rapid return to baseline within 10 minutes of stopping exercise. At 10 minutes after exercise, heart rate was 82 bpm and blood pressure was 120/76 mm Hg.",A,85,False,What were the patient's heart rate and blood pressure values at the moment exercise ceased?,"Immediately post-exercise, the patient's heart rate was 130 bpm and blood pressure was 145/75 mm Hg.",A,90,False,What were the patient's heart rate and blood pressure immediately prior to starting exercise?,The patient's pre-exercise heart rate was 70 bpm and blood pressure was 114/74 mm Hg.,A,95,False,gemini,gemini-2.5-flash,STOP,False
medqa_1212,47-year-old female presenting with: follow up after nephrolithiasis,Which of the following interventions is most likely to prevent renal calculi formation in the future for this patient?,easy,B,Decreasing sodium intake,B,75,True,Do we know the composition of the patient's previous renal calculi?,The stone was sent for analysis and found to be composed of calcium oxalate.,B,90,True,"What were the results of the patient's 24-hour urine collection, particularly regarding urinary calcium, oxalate, and citrate levels?",That information is not available.,B,90,True,What is the patient's typical daily intake of calcium and sodium?,That information is not available.,B,95,True,gemini,gemini-2.5-flash,STOP,False
medqa_0920,61-year-old female presenting with: fatigue and mild neck pain,"A complete blood count reveals:
Hb% 10 gm/dL
Total count (WBC) 11,000 /mm3
Differential count:
Neutrophile 70%
Lymphocytes 25%
Monocytes 5%
ESR 10 mm/hr
What is the most likely diagnosis?",easy,A,Plummer-Vinson syndrome,B,40,False,Are you experiencing any difficulty swallowing or food getting stuck?,"I have increasing difficulty swallowing, particularly with solid foods such as bread and meat, which sometimes ""get stuck"" in my throat.",B,60,False,Have you experienced any unintentional weight loss recently?,"Yes, the patient endorses unintentional weight loss of approximately 8 pounds over the past three months.",B,85,False,Do you have a history of smoking or significant alcohol consumption?,The patient is a never smoker and reports rare alcohol consumption (glass of wine on holidays).,B,90,False,gemini,gemini-2.5-flash,STOP,False
medqa_0334,51-year-old female presenting with: recent diagnosis of type II diabetes,Which of the following vaccinations or screening measures are recommended in patients with diabetes?,easy,B,Comprehensive foot exam every year,B,95,True,Are there any signs or symptoms of diabetic neuropathy or peripheral artery disease?,"The patient denies numbness, tingling, or pain in her feet. Physical examination shows intact sensation to monofilament and vibration, 2+ dorsalis pedis and posterior tibial pulses bilaterally, and no foot ulcers or skin breakdown.",B,95,True,What are the current recommendations for kidney disease screening in this patient?,That information is not available.,B,95,True,When should this patient have their first dilated and comprehensive eye examination?,That information is not available.,B,95,True,gemini,gemini-2.5-flash,STOP,False
medqa_0393,newborn-year-old male presenting with: loops of intestine protruding from abdomen,Which of the following is the most appropriate next step in management?,easy,A,Wrap the intestines in a sterile bowel bag,A,70,True,"What are the newborn's current vital signs, specifically heart rate, blood pressure, and temperature?","The newborn's heart rate is 125/min, blood pressure is 68/40 mmHg, and temperature is 36.80C.",A,75,True,"What is the appearance and condition of the exposed bowel (e.g., color, presence of edema, signs of necrosis)?","The bowel appeared pink, moist, and glistening.",A,85,True,"Has IV access been established, and have IV fluids been initiated?",That information is not available.,A,90,True,gemini,gemini-2.5-flash,STOP,False
medqa_1171,"67-year-old male presenting with: early satiety, abdominal discomfort after food intake, and abdominal bloating","The patient’s blood test results are as follows:
Erythrocytes 2.8 x 109/mm3
Hb 8.6 g/dL
Ht 37%
Mean corpuscular hemoglobin  49.9 pg/cell (3.1 fmol/cell)
Mean corpuscular volume 142 µm3 (142 fL)
Reticulocyte count 0.3%
Total leukocyte count 3,070/mm3
Neutrophils 54%
Lymphocyte 32%
Eosinophil 3%
Monocyte 11%
Basophil 0%
Platelet count 195,000/mm3
HbA1C 4.3%
Fasting plasma glucose 4.6 mmol/l (82.9 mg/dL)
Aspartate aminotransferase 22 U/L
Alanine aminotransferase 19 U/L
Amylase 32 U/L
Total bilirubin 32 µmol/L (1.87 mg/dL)
Conjugated bilirubin 8 µmol/L (0.4677 mg/L)
Which of the following options best explains the patient’s neurological and psychiatric symptoms?",hard,C,Impaired methylation of myelin phospholipids,C,80,True,Could you please describe the patient's neurological or psychiatric symptoms?,"The patient reports increasing somnolence, forgetfulness, tingling, numbness, and decreased sensation in his feet, legs, and hands, along with difficulty walking, frequent tripping, and trouble buttoning his shirt. On examination, he is somnolent, oriented to person and place but not time, has an MMSE of 25/30, decreased distal muscle strength, distal hypoesthesia, and an unsteady gait with a positive Romberg sign.",C,95,True,What are the patient's serum vitamin B12 and folate levels?,The patient's serum vitamin B12 is 98 pg/mL and folate is 7.2 ng/mL.,C,98,True,What are the patient's serum methylmalonic acid and homocysteine levels?,"Serum methylmalonic acid is 0.85 ""mol/L and serum homocysteine is 32 
""mol/L.",C,99,True,gemini,gemini-2.5-flash,STOP,False
medqa_0628,42-year-old male presenting with: establish care,"Which of the following is the most likely underlying cause of these liver abnormalities?""",medium,C,Insulin resistance,C,0,True,What specific liver abnormalities were identified?,"Elevated AST (92 U/L) and ALT (144 U/L), a mildly enlarged and palpable liver, and hepatic steatosis on ultrasound were identified.",C,80,True,"Does the patient have a history of obesity, diabetes, or significant alcohol use?","The patient reports difficulty losing weight for over 10 years and is currently obese. He has no diagnosed history of diabetes but currently has prediabetes. He reports 3-6 drinks of alcohol per week, which is not considered significant.",C,90,True,"Are there any other relevant laboratory results available, such as viral hepatitis serologies, iron studies, or a lipid panel?","Viral hepatitis panel shows negative Hep B surface antigen, negative Hep B core IgM, positive Hep B surface antibody, and negative Hep C antibody. Iron studies show ferritin 194 ng/mL and transferrin saturation 28%. Lipid panel shows total cholesterol 232 mg/dL, LDL 142 mg/dL, HDL 34 mg/dL, and triglycerides 238 mg/dL.",C,95,True,gemini,gemini-2.5-flash,STOP,False
medqa_1269,38-year-old female presenting with: persistent diarrhea and fatigue,"Which of the following is the most likely underlying cause of this patient's symptoms?""",hard,D,Medication abuse,A,65,False,"Have you experienced any significant weight loss, or do your stools appear particularly fatty or oily?",The patient reports 2 kg (4.4 lbs) unintentional weight loss over the past month. Information about fatty or oily stools is not available.,A,65,False,"Can you describe the typical volume and consistency of your stools, and do you experience diarrhea during the night?","The patient reports 10-12 watery, non-bloody stools per day, with a stool volume greater than 1 L/day, and experiences nocturnal diarrhea that awakens her from sleep.",C,90,False,"Have you experienced any muscle weakness, cramps, or lightheadedness, which could suggest electrolyte imbalances?","The patient reports occasional lightheadedness and abdominal cramping, and denies muscle weakness.",C,95,False,gemini,gemini-2.5-flash,STOP,False
medqa_0099,43-year-old male presenting with: abnormal nipple discharge,Which of the following medications is NOT likely to be the cause?,easy,B,Bromocriptine,B,95,True,When did the nipple discharge begin relative to the initiation of any of these medications?,"The nipple discharge began 3 months ago, and the risperidone was started 4 months ago.",B,98,True,"Is the patient currently taking any other medications, supplements, or herbal remedies?",That information is not available.,B,98,True,Is the nipple discharge unilateral or bilateral?,The nipple discharge is bilateral.,B,99,True,gemini,gemini-2.5-flash,STOP,False
medqa_0207,28-year-old female presenting with: follow up on abnormal cervical biopsy,Which of the following is the appropriate management of a newly diagnosed CIN I in a 24-year-old patient?,easy,A,"Close observation, pap smear screening at 6 and 12 months, and HPV DNA testing at 12 months",A,90,True,"Was the colposcopy satisfactory, meaning the entire squamocolumnar junction was visualized?",That information is not available.,A,90,True,Is the patient immunocompromised or on any immunosuppressive medications?,The patient has no history or symptoms of immunosuppression and is not on any medications.,A,90,True,What was the result of the preceding cervical cytology (Pap test) that led to the colposcopy and biopsy?,Her Pap smear showed low-grade squamous intraepithelial lesion (LSIL).,A,90,True,gemini,gemini-2.5-flash,STOP,False
medqa_0912,"37-year-old female presenting with: itchy red bumps on torso, back, and buttocks",What other finding is commonly observed in the culture of the most likely organism?,medium,B,Blue-green pigment,B,75,True,"Have you recently used a hot tub, swimming pool, or had prolonged exposure to water?",I spent several hours daily in the hotel hot tub and pool during my honeymoon.,B,95,True,Are the bumps more concentrated in areas that were covered by your swimsuit during your time in the hot tub/pool?,That information is not available.,B,95,True,Are any of the bumps filled with pus or have a white/yellow head?,"The eruption consists of small, red, itchy bumps, some with white centers (pustules). The physical exam notes numerous erythematous papules and pustules, some with central pinpoint pustules.",B,98,True,gemini,gemini-2.5-flash,STOP,False
medqa_0423,27-year-old female presenting with: acute onset bloody diarrhea,"Hemoglobin: 9 g/dL
Hematocrit: 30%
Leukocyte count: 9,400/mm^3 with normal differential
Platelet count: 199,000/mm^3

Serum:
Na+: 139 mEq/L
Cl-: 101 mEq/L
K+: 4.9 mEq/L
HCO3-: 25 mEq/L
BUN: 37 mg/dL
Glucose: 99 mg/dL
Creatinine: 1.8 mg/dL
AST: 62 U/L
ALT: 80 U/L
Blood alcohol: .15 g/dL

Urine:
Color: Yellow
Protein: Positive
Cocaine: Positive
Marijuana: Positive

Which of the following is the best explanation for this patient's laboratory findings?",hard,D,Protein deposition,D,70,True,"What is the quantitative amount of protein in the urine, such as a 24-hour urine protein excretion or urine protein-to-creatinine ratio?",That information is not available.,D,75,True,Are schistocytes present on the peripheral blood smear?,That information is not available.,D,80,True,"Is there evidence of a monoclonal gammopathy (e.g., on serum or urine protein electrophoresis)?",No monoclonal spike was found on serum protein electrophoresis.,D,75,True,gemini,gemini-2.5-flash,STOP,False
medqa_0863,25-year-old female presenting with: abdominal pain and vomiting,Which of the following is the next best step in the management of this patient?,medium,A,Administer naloxone,C,35,False,What is the patient's blood glucose level?,The patient's blood glucose level is 124 mg/dL.,B,20,False,"What are the patient's vital signs, including respiratory rate, heart rate, blood pressure, and oxygen saturation?","The patient's respiratory rate is 14/min, pulse is 104/min, blood pressure is 120/80 mm Hg, and oxygen saturation is 98% on room air.",B,40,False,"Can you describe the abdominal pain (location, character, severity, onset) and are there any other associated symptoms like fever, diarrhea, or headache?","Generalized abdominal pain started 1 hour prior to arrival; it is diffuse, mild to moderate, crampy, non-radiating, and 5/10 in intensity. The patient denies fever, but reports watery diarrhea for 3 days and a mild headache.",B,60,False,gemini,gemini-2.5-flash,STOP,False
medqa_1198,27-year-old male presenting with: severe left knee pain after surgery,Which of the following is the most appropriate response to this patient's request?,medium,B,Request further information about which drugs he has taken recently and in the past,B,90,True,"What pain medications have you been taking since your surgery, and how effective have they been in managing your pain?","The patient has been taking oxycodone 5 mg/acetaminophen 325 mg, which he finished 3 days ago, and acetaminophen 500 mg. He states acetaminophen is ineffective and he cannot use ibuprofen due to ""stomach problems,"" insisting that only oxycodone helps.",B,90,True,"Have you ever been diagnosed with or treated for a substance use disorder, or had any concerns about your use of pain medications in the past?","The patient has a past medical history of substance use disorder, specifically cocaine abuse.",C,90,False,"What was the specific surgical procedure performed on your left knee, and when was it done?",The patient underwent arthroscopic repair of a torn left medial collateral ligament (MCL) 2 weeks ago.,C,95,False,gemini,gemini-2.5-flash,STOP,False
medqa_1216,46-year-old male presenting with: trauma after motor vehicle collision,Which of the following was the most likely diagnosis?,hard,A,Cardiac contusion,D,65,False,What were the patient's initial vital signs and respiratory status upon arrival?,"Upon arrival, the patient's temperature was 36.80C (98.20F), heart rate was 141/min and irregularly irregular, respiratory rate was 24/min, blood pressure was 60 mm Hg systolic (palpable only), and oxygen saturation was 93% on a non-rebreather mask. The Glasgow Coma Scale was 6 (E1, V1, M4).",A,75,True,What were the findings of the initial physical examination of the chest and neck?,"The neck examination showed a C-collar in place, jugular venous distension to the angle of the jaw at 45°, and a midline trachea. The chest examination revealed multiple ecchymoses and abrasions across the anterior chest wall, no crepitus, paradoxical movement, or subcutaneous emphysema. Breath sounds included bilateral crackles at lung bases, no wheezes, and no decreased breath sounds. Heart sounds were tachycardic, irregularly irregular rhythm, with no murmurs, rubs, or gallops.",A,85,True,"What were the findings of any immediate imaging studies, such as a FAST exam or chest X-ray?","The FAST exam was negative for pericardial, pleural, or intra-abdominal free fluid. The chest X-ray showed mild pulmonary vascular congestion, no pneumothorax, hemothorax, or rib fractures, a normal cardiac silhouette, and no widened mediastinum.",A,90,True,gemini,gemini-2.5-flash,STOP,False
medqa_0989,52-year-old female presenting with: abdominal pain and diarrhea,"Serum:
Na+: 139 mEq/L
Cl-: 100 mEq/L
K+: 2.9 mEq/L
HCO3-: 27 mEq/L
BUN: 25 mg/dL
Glucose: 99 mg/dL
Creatinine: 1.4 mg/dL
Ca2+: 10.2 mg/dL
AST: 12 U/L
ALT: 10 U/L

Which of the following is associated with the most likely diagnosis?",medium,B,Impaired iron absorption,A,60,False,"Is the diarrhea watery, or does it contain blood or mucus?","The patient reports watery, non-bloody diarrhea and denies any blood or mucus in the stool.",A,80,False,What is the duration of the patient's abdominal pain and diarrhea?,"The patient has a 3-week history of watery, non-bloody diarrhea and associated crampy, diffuse abdominal pain.",A,85,False,Has the patient had any recent antibiotic use or hospitalizations?,The patient finished a 10-day course of amoxicillin-clavulanic acid one week ago. That information about hospitalizations is not available.,A,95,False,gemini,gemini-2.5-flash,STOP,False
medqa_0682,22-year-old female presenting with: worsening shortness of breath,Which of the following is the most appropriate therapy in this patient?,medium,D,Prednisone,D,25,True,"Are there any associated symptoms such as fever, cough, or wheezing?","The patient reports low-grade, intermittent fever, chronic productive cough with thick, greenish sputum and occasional blood, and persistent wheezing not relieved by usual inhalers.",A,60,False,"Is the patient immunocompromised or does she have any relevant exposure history (e.g., travel to endemic areas, contact with individuals with tuberculosis)?","The patient has no history of immunodeficiency. She denies recent travel, sick contacts, or new pets.",A,65,False,"Has the patient experienced any unintentional weight loss, night sweats, or significant fatigue?",The patient reports no weight loss or night sweats. She reports fatigue and malaise during episodes.,A,70,False,gemini,gemini-2.5-flash,STOP,False
medqa_0278,62-year-old male presenting with: shortness of breath,Which of the following is the best next step in management?,easy,A,BiPAP,A,15,True,"What are the patient's vital signs, and are there any specific findings on lung examination, such as absent breath sounds or tracheal deviation?","The patient's vital signs on arrival are: Temperature 98.7°F (37.1°C), Blood Pressure 177/118 mmHg, Pulse 123/min, Respirations 33/min, and Oxygen Saturation 80% on room air. On lung examination, there are bilateral expiratory wheezes, diminished breath sounds throughout, poor air movement, and a prolonged expiratory phase. There is no tracheal deviation.",C,75,False,"What is the patient's current mental status (e.g., alert, lethargic, obtunded)?",The patient is alert and oriented x3.,C,70,False,"Has the patient received any bronchodilator therapy, and if so, what was the response?","The patient has been using his home albuterol inhaler more frequently with minimal relief, and initial medical therapy including albuterol and ipratropium showed no improvement.",C,85,False,gemini,gemini-2.5-flash,STOP,False
medqa_0983,56-year-old male presenting with: follow up evaluation for cirrhosis,What is the next best step to prevent bleeding?,easy,C,Nadolol,D,60,False,What were the findings of the most recent upper endoscopy regarding esophageal varices?,"The recent EGD showed small varices in the distal third of the esophagus, with red wale markings.",C,90,True,Are there any contraindications to beta-blocker therapy for this patient?,That information is not available.,C,90,True,What is the patient's current blood pressure and heart rate?,The patient's blood pressure is 110/70 mmHg and pulse is 65/min.,C,90,True,gemini,gemini-2.5-flash,STOP,False
medqa_0620,70-year-old male presenting with: difficulty in breathing,Which drug is being referred to in this case?,easy,C,Triamterene,A,70,False,"Are there any signs of fluid overload, such as leg swelling, weight gain, or crackles in the lungs?","The patient reports increased swelling in his ankles, a 2 kg weight gain over the past week, and bibasilar crackles are noted on lung examination.",A,95,False,Does the patient have a known history of heart failure or any other cardiac conditions?,"The patient has a history of chronic heart failure (HFrEF, LVEF 35%), hypertension, and hyperlipidemia.",A,98,False,"What are the patient's current kidney function parameters (e.g., creatinine, GFR)?",Creatinine is 1.6 mg/dL. That information is not available for GFR.,A,99,False,gemini,gemini-2.5-flash,STOP,False
medqa_1097,34-year-old male presenting with: colicky abdominal pain and diarrhea,Which of the following is this patient at greatest risk of developing?,easy,C,Colorectal cancer,A,65,False,Is the diarrhea bloody?,"The patient describes 10–12 loose bowel movements daily, each containing visible blood and mucus.",A,85,False,"Has the patient consumed any undercooked meat, unpasteurized dairy, or been exposed to contaminated water recently?",That information is not available.,A,90,False,Has the patient noticed any decrease in urine output or changes in urine color?,That information is not available.,A,95,False,gemini,gemini-2.5-flash,STOP,False
medqa_0732,45-year-old male presenting with: progressive neck pain,"Which of the following is the most appropriate next step in management?""",medium,B,Intravenous ciprofloxacin and vancomycin therapy,C,55,False,"Have you experienced any fever, chills, unexplained weight loss, or changes in strength or sensation in your arms or legs?","Yes, I've had fever and chills for 2 days, night sweats for the past week, and lost about 10 lbs in 2 months. My hands feel numb and tingly, and my grip strength is mildly weak.",B,90,True,"Are you experiencing any difficulty walking, loss of bowel or bladder control, or worsening of your weakness?",The patient reports no lower extremity weakness and no bowel or bladder incontinence. Information regarding worsening of weakness is not available.,B,95,True,"Do you have any history of intravenous drug use, recent surgeries, or conditions that might weaken your immune system?","I have a history of IV heroin use for 10 years, last used 2 days ago. I have chronic hepatitis C, diagnosed 5 years ago and untreated. I have no recent dental work or surgeries, and no prior surgeries.",B,98,True,gemini,gemini-2.5-flash,STOP,False
medqa_0028,4-year-old male presenting with: vomiting and bloody diarrhea,Which of the following lab findings would most likely be seen in this patient?,hard,D,Increased cerebrospinal fluid protein with normal cell count,D,65,True,Is the child experiencing any new weakness or changes in sensation?,"On hospital day 2, the patient developed weakness and tingling in his legs, is unable to walk, and has decreased sensation to light touch in his lower extremities.",D,95,True,"Are the patient's deep tendon reflexes present, diminished, or absent in the affected extremities?",The patient has diminished patellar deep tendon reflexes (1+) and absent Achilles reflexes in the lower extremities.,D,98,True,"Has the patient experienced any difficulty with swallowing, speaking, or facial weakness?",The patient has no cranial nerve involvement.,D,99,True,gemini,gemini-2.5-flash,STOP,False
medqa_0644,not specified-year-old not specified presenting with: participation in gastrointestinal regulatory substance study,Which of the following mechanisms most likely contributes to the changes seen at point D in the graph?,medium,B,Increased activity of D cells,B,0,True,Could you please provide the graph that illustrates the changes at point D?,That information is not available.,B,0,True,"What specific physiological parameter was being measured at point D, and what was the observed trend (e.g., increase, decrease, peak, trough) at that point?",That information is not available.,B,0,True,"What type of gastrointestinal regulatory substance is being studied (e.g., hormone, neurotransmitter, paracrine factor), and what is its general function in the GI system?",That information is not available.,B,0,True,gemini,gemini-2.5-flash,STOP,False
medqa_0400,23-year-old female presenting with: progressive fatigue and painful swelling of right knee,The patient’s condition is most likely associated with a defect in a reaction that occurs in which of the following cellular structures?,medium,B,Rough endoplasmic reticulum,C,55,False,"Are there any other symptoms, such as skin rashes, oral ulcers, photosensitivity, or involvement of other joints?","The patient reports no rashes, oral ulcers, or photosensitivity. Other joints show no swelling or tenderness.",C,60,False,"Is there any family history of autoimmune diseases, joint disorders, or genetic conditions?",No family history of autoimmune diseases or connective tissue diseases. Information about joint disorders or genetic conditions is not available.,C,65,False,"Are there any other symptoms such as muscle weakness, vision changes, hearing loss, or neurological symptoms?","The patient reports no muscle weakness, no vision changes, no hearing loss, no headaches, no dizziness, and no numbness.",C,75,False,gemini,gemini-2.5-flash,STOP,False
medqa_0426,51-year-old male presenting with: malaise and fever after recent travel,The pathogen responsible for this patient’s condition produces a virulence factor that has which of the following functions?,hard,B,Inhibit phagocytosis,B,60,True,To which specific region or country did you travel recently?,He returned from a 4-week research trip to rural Madagascar 2 weeks ago.,B,75,True,"Does the patient report any specific symptoms such as chills, sweats, headache, muscle aches, swollen lymph nodes, or cough?","The patient reports chills, sweats, occasional headaches, myalgias, and painful, swollen lumps in his neck, armpits, and groin. He denies cough.",B,95,True,Does the patient recall any flea bites or exposure to rodents during his trip to Madagascar?,"The patient recalls being bitten by fleas and frequently handled live-trapped animals, including rodents and small mammals, during his trip to Madagascar.",B,100,True,gemini,gemini-2.5-flash,STOP,False
medqa_0281,"75-year-old male presenting with: large, tense, pruritic bulla on inner thighs and abdomen",Which of the following is the most likely cell junction to which the antibodies bind?,easy,C,Hemidesmosomes,C,90,True,"Do the bullae rupture easily, or do they tend to remain intact?","The patient reports large, tense blisters that occasionally rupture, and physical examination shows multiple large, tense bullae, some intact and some ruptured.",C,95,True,Is the Nikolsky sign positive or negative?,The Nikolsky sign is negative.,C,95,True,Are there any oral or other mucosal lesions present?,There are no oral or other mucosal lesions present.,C,98,True,gemini,gemini-2.5-flash,STOP,False
medqa_0847,37-year-old female presenting with: heartburn,Which of the following best describes the mechanism of action of omeprazole?,easy,C,Inhibition of primary active transport,C,95,True,Does omeprazole primarily target histamine receptors or the proton pump itself?,"Omeprazole, a proton pump inhibitor, inhibits the H+/K+ ATPase transporter.",C,100,True,Is the inhibition of the H+/K+ ATPase by omeprazole reversible or irreversible?,That information is not available.,C,100,True,"In which specific cells or organ is the H+/K+ ATPase transporter primarily located, which is targeted by omeprazole?",The H+/K+ ATPase transporter is located in the parietal cell.,C,100,True,gemini,gemini-2.5-flash,STOP,False
